Country,ISO2,ISO3,Indicator,F1980,F1981,F1982,F1983,F1984,F1985,F1986,F1987,F1988,F1989,F1990,F1991,F1992,F1993,F1994,F1995,F1996,F1997,F1998,F1999,F2000,F2001,F2002,F2003,F2004,F2005,F2006,F2007,F2008,F2009,F2010,F2011,F2012,F2013,F2014,F2015,F2016,F2017,F2018,F2019,F2020,F2021
"Afghanistan, Islamic Rep. of",AF,AFG,Drought,,,,,,,,,,,,,,,,,,,,,1,,,,,,1,,1,,,1,,,,,,,1,,,1
"Afghanistan, Islamic Rep. of",AF,AFG,Extreme temperature,,,,,,,,,,,1,1,,,,,,,,,,2,,,,1,,,1,,,,1,,,,,,,,,
"Afghanistan, Islamic Rep. of",AF,AFG,Flood,1,,,,,,,,1,,,3,2,,,2,1,2,1,1,,,4,8,2,9,7,7,1,3,2,2,6,4,2,1,4,1,3,6,5,2
"Afghanistan, Islamic Rep. of",AF,AFG,Landslide,,,,,,,,1,,,,,,2,,1,,1,1,,,,1,,,,2,,,1,2,,3,1,,4,,2,2,1,1,1
"Afghanistan, Islamic Rep. of",AF,AFG,Storm,,,,,,,,,,,,,,1,,,,,,,,,,,,1,2,,,,,1,,,1,,,2,,,1,
"Afghanistan, Islamic Rep. of",AF,AFG,TOTAL,1,,,,,,,1,1,,1,4,2,3,,3,1,3,2,2,1,2,5,8,2,11,12,7,3,4,4,4,10,5,3,5,4,5,6,7,7,4
"Afghanistan, Islamic Rep. of",AF,AFG,Wildfire,,,,,,,,,,,,,,,,,,,,1,,,,,,,,,,,,,,,,,,,,,,
Albania,AL,ALB,Drought,,,,,,,,,,1,,,,,,,,,,,,,,,,,,,,,,,,,,,,,,,,
Albania,AL,ALB,Extreme temperature,,,,,,1,,,,,,,,,,,,,,,,,,,1,,,1,,,,,1,,,,,1,,,,
Albania,AL,ALB,Flood,,,,,,,,,,,,,1,,,2,,1,,,,,1,,1,1,,,,1,1,,,,,3,1,1,1,,,1
Albania,AL,ALB,Landslide,,,,,,1,,,,,,,,,,,,,,,,,,,,,,,,,,,,,,,,,,,,
Albania,AL,ALB,Storm,,,,,,,,,,,,,,,,,,,,,,,1,,,1,,,,,,,,,,,,,,,,
Albania,AL,ALB,TOTAL,,,,,,2,,,,1,,,1,,,2,,1,,,,,2,,2,2,,2,,1,1,,1,,,3,1,2,1,,,1
Albania,AL,ALB,Wildfire,,,,,,,,,,,,,,,,,,,,,,,,,,,,1,,,,,,,,,,,,,,
Algeria,DZ,DZA,Drought,,1,,,,,,,,,,,,,,,,,,,,,,,,,,,,,,,,,,,,,,,,
Algeria,DZ,DZA,Extreme temperature,,,,,,,,,,,,,,,,,,,,,,,,1,,,,,,,,,,,,,,1,,1,,
Algeria,DZ,DZA,Flood,,1,1,,1,1,,,,,,,1,1,2,,1,1,,1,4,1,3,3,2,2,1,6,1,2,,1,2,,,2,,,1,,,2
Algeria,DZ,DZA,Landslide,,,,,,,,,,,,,,1,,,,,,,,,,,,,,,,,,,,,,,,,,,,
Algeria,DZ,DZA,Storm,,,,,,,,,1,,,,,,,,,,,,1,,,1,,1,,,,,,,,,,,,,,,,
Algeria,DZ,DZA,TOTAL,,2,1,,1,1,,,1,,,,1,2,3,,1,1,,1,5,1,3,5,2,3,1,7,1,2,,1,2,,,2,,1,1,1,,3
Algeria,DZ,DZA,Wildfire,,,,,,,,,,,,,,,1,,,,,,,,,,,,,1,,,,,,,,,,,,,,1
American Samoa,AS,ASM,Flood,,,,,,,,,,,,,,,,,,,,,,,,1,,,,,,,,,,,,,,,,,,
American Samoa,AS,ASM,Storm,,,,,,,,,,1,,,,,,,,,,,,,,,1,1,,,,,,,,,,,,,,,,
American Samoa,AS,ASM,TOTAL,,,,,,,,,,1,,,,,,,,,,,,,,1,1,1,,,,,,,,,,,,,,,,
Angola,AO,AGO,Drought,,1,,,,1,,,,1,,,,,,,,1,,,,1,,,1,,,,,,,,1,,,,,1,,,1,
Angola,AO,AGO,Flood,,,,,,,,,,1,,,,,,,,,,,4,2,1,2,3,1,1,2,1,3,3,4,,1,,3,4,1,1,3,2,2
Angola,AO,AGO,Landslide,,,,,,,,,,,,,,,,,,,,,1,,,,,,,,,,,,,,,,,,,,,
Angola,AO,AGO,TOTAL,,1,,,,1,,,,2,,,,,,,,1,,,5,3,1,2,4,1,1,2,1,3,3,4,1,1,,3,4,2,1,3,3,2
Anguilla,AI,AIA,Flood,,,,1,,,,,,,,,,,,,,,,,,,,,,,,,,,,,,,,,,,,,,
Anguilla,AI,AIA,Storm,,,,1,1,,,,,,,,,,,,,,,1,,,,,,,,,,,,,,,,,,1,,,,
Anguilla,AI,AIA,TOTAL,,,,2,1,,,,,,,,,,,,,,,1,,,,,,,,,,,,,,,,,,1,,,,
Antigua and Barbuda,AG,ATG,Drought,,,,1,,,,,,,,,,,,,,,,,,,,,,,,,,,,,,,,,,,,,,
Antigua and Barbuda,AG,ATG,Storm,,,,,,,,,,1,1,,,,,1,,,1,2,,,,,,,,,1,,1,,,,,,,1,,,,
Antigua and Barbuda,AG,ATG,TOTAL,,,,1,,,,,,1,1,,,,,1,,,1,2,,,,,,,,,1,,1,,,,,,,1,,,,
Argentina,AR,ARG,Drought,,,,,,,,,,,,,,,,,,,,,,,,1,,,,,,1,,,,,,,,,1,1,,
Argentina,AR,ARG,Extreme temperature,,,,,,,,,,,,,,,,1,,,,,1,1,1,,1,,,1,,,1,,,,,,,,,,,
Argentina,AR,ARG,Flood,2,,1,2,,2,1,1,1,,1,,2,3,,2,,1,1,,4,3,2,2,2,,1,2,1,2,,,1,1,3,3,2,3,3,3,1,1
Argentina,AR,ARG,Landslide,,,,,1,,,,,,,,,,,,,,,,,,,,,,,,,1,,,,,1,,,1,,,,
Argentina,AR,ARG,Storm,,,,,,,1,1,,,,,,1,,1,,,1,,2,2,1,1,,1,,,,1,,,2,1,,1,,,1,,1,
Argentina,AR,ARG,TOTAL,2,,1,2,1,2,2,3,1,,1,,2,4,1,4,,1,2,1,8,7,4,4,3,1,1,3,1,5,1,,3,2,4,4,2,4,5,4,2,2
Argentina,AR,ARG,Wildfire,,,,,,,,1,,,,,,,1,,,,,1,1,1,,,,,,,,,,,,,,,,,,,,1
"Armenia, Rep. of",AM,ARM,Drought,,,,,,,,,,,,,,,,,,,,,1,,,,,,,,,,,,,,,,,,,,,
"Armenia, Rep. of",AM,ARM,Extreme temperature,,,,,,,,,,,,,,,,,,,,,,,,,,,,,,,,,,1,,,,,,,,
"Armenia, Rep. of",AM,ARM,Flood,,,,,,,,,,,,,,,,,,1,1,,,,,,1,,,,,,,,,,,,,,,,,
"Armenia, Rep. of",AM,ARM,Landslide,,,,,,,,,,,,,,,,,,,,,,,,,,,,,,,,,,,,,1,,,,,
"Armenia, Rep. of",AM,ARM,Storm,,,,,,,,,,,,,,,,,,,,,,,,,,,,,,,,,,1,,,,,1,1,1,
"Armenia, Rep. of",AM,ARM,TOTAL,,,,,,,,,,,,,,,,,,1,1,,1,,,,1,,,,,,,,,2,,,1,,1,1,1,
Australia,AU,AUS,Drought,,1,,,,,,,,,,1,1,,,,,,,,,,1,,,,1,,,,,,,,,,,,1,,,
Australia,AU,AUS,Extreme temperature,,,,,,,,,,,,,,1,2,1,,,,,,,,,,,,,,1,,,,,1,,,,1,,,
Australia,AU,AUS,Flood,,3,,,1,1,1,,3,1,2,,,1,,,2,1,6,,1,4,,4,3,1,1,1,4,2,5,1,2,,,1,1,,1,1,1,4
Australia,AU,AUS,Landslide,,,,,,,,,,,,,,,,,1,1,,,,,,,,,,,,,,,,,,,,,,,,
Australia,AU,AUS,Storm,5,1,3,3,,2,5,,1,2,2,2,2,2,4,4,6,,,4,3,3,3,5,3,2,3,1,1,2,3,1,,1,1,4,1,2,,,2,2
Australia,AU,AUS,TOTAL,6,5,3,4,1,5,6,,4,3,5,3,3,4,8,5,9,4,6,5,5,9,5,10,6,4,8,2,5,6,8,3,2,3,4,8,3,3,3,3,3,7
Australia,AU,AUS,Wildfire,1,,,1,,2,,,,,1,,,,2,,,2,,1,1,2,1,1,,1,3,,,1,,1,,2,2,3,1,1,,2,,1
Austria,AT,AUT,Extreme temperature,,,,,,,,,,,,,,,,,,,,,,,,1,,1,,1,,1,,,1,,,,,,,1,,
Austria,AT,AUT,Flood,1,,1,1,,1,,,,,,1,,,,1,1,1,,1,,,1,,,2,1,,,2,,,,1,,,1,,,,,1
Austria,AT,AUT,Landslide,,,1,,1,,,,,,,,,,,,,,,1,1,,,,,,,,,,,,,,,,,,,,,
Austria,AT,AUT,Storm,,1,,,1,,,,,,5,1,,1,1,,,,,,1,,2,,,,,1,1,1,,,,,,,,2,,1,,
Austria,AT,AUT,TOTAL,1,1,2,1,2,1,,,,,5,2,,1,1,1,1,1,,2,2,,3,1,,3,1,2,1,4,,,1,1,,,1,2,,2,,1
"Azerbaijan, Rep. of",AZ,AZE,Drought,,,,,,,,,,,,,,,,,,,,,1,,,,,,,,,,,,,,,,,,,,,
"Azerbaijan, Rep. of",AZ,AZE,Extreme temperature,,,,,,,,,,,,,,,,,,,,,,,,,,,,,,,,,1,,,,,,,,,
"Azerbaijan, Rep. of",AZ,AZE,Flood,,,,,,,,,,,,,,,,3,,1,,,,,,1,,,,,,1,1,,,,,,,,,,,
"Azerbaijan, Rep. of",AZ,AZE,Landslide,,,,,,,,,,,,,,,,,,,,,1,,,,,,,,,,,,,,,,,,,,,
"Azerbaijan, Rep. of",AZ,AZE,TOTAL,,,,,,,,,,,,,,,,3,,1,,,2,,,1,,,,,,1,1,,1,,,,,,,,,
Azores Island,,AZO,Landslide,,,,,,,,,,,,,,,,,,1,,,,,,,,,,,,,,,,,,,,,,,,
Azores Island,,AZO,Storm,,,,,,,,,,,,,,,,,1,,,,,,,,,,,,,,,,,,,,,,,,,
Azores Island,,AZO,TOTAL,,,,,,,,,,,,,,,,,1,1,,,,,,,,,,,,,,,,,,,,,,,,
"Bahamas, The",BS,BHS,Flood,,,,,,,,,1,,,,,,,,,,,,,,,,,,,,,,,,,1,,,,,,,,
"Bahamas, The",BS,BHS,Storm,,,,,,,,,,,1,,1,,,1,,,,1,,1,,,3,1,,1,2,,,1,1,,,1,1,1,,1,,
"Bahamas, The",BS,BHS,TOTAL,,,,,,,,,1,,1,,1,,,1,,,,1,,1,,,3,1,,1,2,,,1,1,1,,1,1,1,,1,,
Bangladesh,BD,BGD,Drought,,,1,,,,,,,1,,,,,,,,,,,,,,,,,,,,1,,,,,,,,,,,,
Bangladesh,BD,BGD,Extreme temperature,,,,,,,,,,2,2,1,,,1,1,1,1,1,,1,1,1,2,,2,,1,,1,,2,1,,,,,,1,1,,
Bangladesh,BD,BGD,Flood,1,,1,4,1,2,2,2,2,1,2,3,3,3,4,4,2,1,1,5,3,2,1,2,3,3,2,2,2,2,2,1,2,,2,2,1,2,2,1,1,1
Bangladesh,BD,BGD,Landslide,,,,,,,,,,,,,,,,,,,,,,,,,,,,,1,,1,1,,,,1,,1,,1,,
Bangladesh,BD,BGD,Storm,1,3,,4,,3,4,1,4,2,4,2,2,8,4,4,4,5,5,6,7,4,4,3,4,7,5,2,2,2,3,1,2,3,2,4,2,2,1,3,1,1
Bangladesh,BD,BGD,TOTAL,2,3,2,8,1,5,6,3,6,6,8,6,5,11,9,9,7,7,7,11,11,7,6,7,7,12,7,5,5,6,6,5,5,3,4,7,3,5,4,6,2,2
Barbados,BB,BRB,Drought,,,,,,,,,,,,,,,,,,,,,,,,,,,,,,,1,,,,,,,,,,,
Barbados,BB,BRB,Flood,,,,,1,,,,,,,,,,,,,,,,,,,,,,,,,,,,,,,,,,,,,
Barbados,BB,BRB,Storm,1,,,,,,,1,,,,,,,,1,,,,,,,1,,1,,,,,,1,,,,,,,1,,,,1
Barbados,BB,BRB,TOTAL,1,,,,1,,,1,,,,,,,,1,,,,,,,1,,1,,,,,,2,,,,,,,1,,,,1
"Belarus, Rep. of",BY,BLR,Extreme temperature,,,,,,,,,,,,,,,,,,,,,1,,,,,1,,,,,,,1,1,1,,,1,,,,
"Belarus, Rep. of",BY,BLR,Flood,,,,,,,,,,,,,,1,,,1,,,1,,,,,,,,,,,,,,,,,,,1,,,
"Belarus, Rep. of",BY,BLR,Storm,,,,,,,,,,,,,,,,,,1,,,,,,,,,,1,,,,,,,,,,,,,,
"Belarus, Rep. of",BY,BLR,TOTAL,,,,,,,,,,,,,,1,,,1,1,,1,1,,,,,1,,1,,,,,1,1,1,,,1,1,,,
Belgium,BE,BEL,Extreme temperature,,,,,,1,,,,,,,,,,,,,,,,,,1,,2,1,,1,,,,1,,,1,,,1,3,1,
Belgium,BE,BEL,Flood,,,,,1,,,1,,,,,,2,1,,,,1,,,,4,1,,1,,,,,1,1,,,,,1,,,,,1
Belgium,BE,BEL,Storm,,,1,,1,1,,,,,6,,,,,1,,,1,2,,,1,,,,,1,1,,2,1,,2,1,,1,,1,,1,2
Belgium,BE,BEL,TOTAL,,,1,,2,2,,1,,,6,,,2,1,1,,,2,2,,,5,2,,3,1,1,2,,3,2,1,2,1,1,2,,2,3,2,3
Belize,BZ,BLZ,Extreme temperature,,,,,,,,,,,1,,,,,,,,,,,,,,,,,,,,,,,,,,,,,,,
Belize,BZ,BLZ,Flood,,,,,,,,,,,1,,,,,1,,,,,,,,,,,,,1,,,,,,,1,,,,,,
Belize,BZ,BLZ,Storm,,,,,,,,,,,,,,,,,,,1,,1,2,,,,2,,1,1,,1,,,,,,1,,,,1,
Belize,BZ,BLZ,TOTAL,,,,,,,,,,,2,,,,,1,,,1,,1,2,,,,2,,1,2,,1,,,,,1,1,,,,1,
Benin,BJ,BEN,Drought,1,,,,,,,,,,,,,,,,,,,,,,,,,,,,,,,,,,,,,,,,,
Benin,BJ,BEN,Flood,,,1,,,1,,,1,,,1,,,1,1,1,1,1,1,,,,,,,,1,1,2,1,1,1,1,,,,,,,1,1
Benin,BJ,BEN,Storm,,,,,,,,,,,,,,,,,,,,,,,,,,,,,,1,,,,,,,,,,,,
Benin,BJ,BEN,TOTAL,1,,1,,1,1,,,1,,,1,,,1,1,1,1,1,1,,,,,,,,1,1,3,1,1,1,2,,,,,,,1,1
Benin,BJ,BEN,Wildfire,,,,,1,,,,,,,,,,,,,,,,,,,,,,,,,,,,,1,,,,,,,,
Bermuda,BM,BMU,Storm,,,,,,1,1,1,,1,,,,,,,,,,,,,,1,,,,,,,,,,,,,,,,,,
Bermuda,BM,BMU,TOTAL,,,,,,1,1,1,,1,,,,,,,,,,,,,,1,,,,,,,,,,,,,,,,,,
Bhutan,BT,BTN,Flood,,,,,,,,,,,,,,,1,,,,,,1,,,,1,,,,,,,,,,,,,,,,,1
Bhutan,BT,BTN,Storm,,,,,,,,,,,,,,,1,,,,,,,,,,,,,,,1,,,,,,,,,,,,
Bhutan,BT,BTN,TOTAL,,,,,,,,,,,,,,,2,,,,,1,1,,,,1,,,,,1,,,,,,,,,,,,1
Bhutan,BT,BTN,Wildfire,,,,,,,,,,,,,,,,,,,,1,,,,,,,,,,,,,,,,,,,,,,
Bolivia,BO,BOL,Drought,,,,2,,,,,1,,1,,,,1,,,,,,1,,,,1,,,,1,,1,,,1,1,,1,,,,,
Bolivia,BO,BOL,Extreme temperature,,,,,,,,,,,,,,,,,,,,,1,1,,,,,,1,,,1,,,1,,,,,,,,
Bolivia,BO,BOL,Flood,1,,1,1,1,1,1,1,,,,,2,,,,,2,,1,2,1,1,3,,,2,2,,1,1,1,1,2,2,1,2,,1,2,2,7
Bolivia,BO,BOL,Landslide,,,,,,,,,,,,,1,,1,,1,,1,,,,,1,,,,,,,,1,,1,1,,,,,1,,
Bolivia,BO,BOL,Storm,,,,,,,,,,,,,,,,,,,,,,,1,,,,,,1,,,,,,,,,,,,,
Bolivia,BO,BOL,TOTAL,1,,1,3,1,1,1,1,1,,1,,3,,2,,1,2,1,2,4,2,3,4,1,1,2,3,2,1,4,2,1,5,4,1,3,,1,4,2,7
Bolivia,BO,BOL,Wildfire,,,,,,,,,,,,,,,,,,,,1,,,1,,,1,,,,,1,,,,,,,,,1,,
Bosnia and Herzegovina,BA,BIH,Drought,,,,,,,,,,,,,,,,,,,,,1,,,1,,,,,,,,,,,,,,,,,,
Bosnia and Herzegovina,BA,BIH,Extreme temperature,,,,,,,,,,,,,,,,,,,,,,,,,,,,1,,1,1,,1,,,,,,,,,
Bosnia and Herzegovina,BA,BIH,Flood,,,,,,,,,,,,,,,,,,,,,,1,,,2,1,,,,2,2,,,,4,1,,,,2,1,1
Bosnia and Herzegovina,BA,BIH,Landslide,,,,,,,,,,,,,,,,,,,,,1,,,,,,,,,,,,,,,,,,,,,
Bosnia and Herzegovina,BA,BIH,Storm,,,,,,,,,,,,,,,,,,,,1,,,,,,1,,,,,,,,,,,,,,,,
Bosnia and Herzegovina,BA,BIH,TOTAL,,,,,,,,,,,,,,,,,,,,1,2,1,,1,2,2,,1,,3,3,,1,,4,1,,,,2,1,1
Botswana,BW,BWA,Drought,,1,,,,,,,,,1,,,,,,,,,,,,,,,,,,,,,,,,,1,,,,1,,
Botswana,BW,BWA,Flood,,,,,,,,,1,,,,,,,1,,,,,1,,,,1,,,,,2,,1,,1,,,,1,1,,,
Botswana,BW,BWA,Storm,,,,,,,,,,,,,,,,,,,,,,,,,,,,,,1,,,,,,,,,,,,
Botswana,BW,BWA,TOTAL,,1,,,,,,,1,,1,,,,,1,,,,,1,,,,1,,,,,3,,1,,1,,1,,1,1,1,,
Brazil,BR,BRA,Drought,,,,1,,1,,1,1,,,,,,1,,,,1,,,1,1,,1,1,,1,,,1,,1,,1,,,,,,1,
Brazil,BR,BRA,Extreme temperature,,,,,,,,,1,,,,,,1,,,,,,1,,,,1,,,,,,1,,,,,,,,,,,
Brazil,BR,BRA,Flood,2,2,,2,5,2,1,2,3,4,2,1,4,,,3,1,3,5,1,4,3,2,5,2,2,2,3,4,7,3,8,2,5,4,4,2,1,2,7,5,8
Brazil,BR,BRA,Landslide,,,,1,,,,,,3,,1,1,,,2,3,,,1,1,,2,,,,,1,,1,,,,,,1,,,1,,,
Brazil,BR,BRA,Storm,1,,1,,1,1,,,,1,,,,,2,,,1,,,,1,,,1,1,,,1,1,,,,1,,1,,,,,1,
Brazil,BR,BRA,TOTAL,3,2,1,4,6,4,1,3,5,8,2,2,5,,4,5,4,4,8,3,6,5,5,5,5,4,2,5,5,9,5,8,3,6,5,6,2,1,3,8,7,8
Brazil,BR,BRA,Wildfire,,,,,,,,,,,,,,,,,,,2,1,,,,,,,,,,,,,,,,,,,,1,,
British Virgin Islands,VG,VGB,Storm,,,,,,,,,,,,,,,,1,1,,,,,,,,,,,,,,,,,,,,,2,,,,
British Virgin Islands,VG,VGB,TOTAL,,,,,,,,,,,,,,,,1,1,,,,,,,,,,,,,,,,,,,,,2,,,,
Brunei Darussalam,BN,BRN,TOTAL,,,,,,,,,,,,,,,,,,,1,,,,,,,,,,,,,,,,,,,,,,,
Brunei Darussalam,BN,BRN,Wildfire,,,,,,,,,,,,,,,,,,,1,,,,,,,,,,,,,,,,,,,,,,,
Bulgaria,BG,BGR,Drought,,,,1,,,,,,,,,,,,,,,,,1,,,,,,,,,,,,,,,,,,,,,
Bulgaria,BG,BGR,Extreme temperature,,,,,,,,,,,,,,,,,,,1,,2,,,,,1,,1,1,,1,,2,,,,,,,,,
Bulgaria,BG,BGR,Flood,,,,,,,,,,,,,,,,,,1,,,,,1,,,5,2,3,,,1,,1,,4,1,,,1,,,1
Bulgaria,BG,BGR,Storm,,1,,,,,,,,,,,,1,,,,,,1,,1,,,,1,,,,,,,,,1,,,,,,,
Bulgaria,BG,BGR,TOTAL,,1,,1,,,,,,,,,,1,,,,1,1,1,4,2,1,,,7,2,6,1,,2,,3,,5,1,,,1,,,2
Bulgaria,BG,BGR,Wildfire,,,,,,,,,,,,,,,,,,,,,1,1,,,,,,2,,,,,,,,,,,,,,1
Burkina Faso,BF,BFA,Drought,1,,,,,,,,1,,1,,,,,1,,,1,,,1,,,,,,,,,,1,,,1,,,,,,1,
Burkina Faso,BF,BFA,Flood,,,,,1,1,,,1,,,,,,1,,,,,1,,,,1,,,2,1,2,2,1,,1,1,,1,1,1,,,3,
Burkina Faso,BF,BFA,TOTAL,1,,,,1,1,,,2,,1,,,,1,1,,,1,1,,1,,1,,,2,1,2,2,1,1,1,1,1,1,1,1,,,4,
Burundi,BI,BDI,Drought,,,,,,,,,,,,,,,,,,,,1,,,,1,,1,,,1,1,1,,,,,,,,,,,
Burundi,BI,BDI,Flood,,,,,,,,,,1,,,,,,,,,,,1,,2,,1,1,6,2,2,1,2,1,,,1,1,,,3,2,2,1
Burundi,BI,BDI,Landslide,,,,,,,,,,,,,,,,,,,,,,,,,,,,,,,,,,,,1,,1,,1,,
Burundi,BI,BDI,Storm,,,,,,,,,,,,,,,,,,,,1,,,,,2,,1,,,,1,1,,,,,,,,,1,
Burundi,BI,BDI,TOTAL,,,,,,,,,,1,,,,,,,,,,2,1,,2,1,3,2,7,2,3,2,4,2,,,1,2,,1,3,3,3,1
Cabo Verde,CV,CPV,Drought,1,,,,,,,,,,,,1,,,,,,1,,,,1,,,,,,,,,,,,,,,1,,,,
Cabo Verde,CV,CPV,Flood,,,,,,,,,,,,,,,,,,,,,,,,,,,,,,1,,,,,,,,,,,,
Cabo Verde,CV,CPV,Storm,,,1,,1,,,,,,,,,,,,,,,,,,,,,,,,,,,,,,,1,,,,,,
Cabo Verde,CV,CPV,TOTAL,1,,1,,1,,,,,,,,1,,,,,,1,,,,1,,,,,,,1,,,,,,1,,1,,,,
Cambodia,KH,KHM,Drought,,,,,,,,1,,,,,,,1,,,,,,,1,1,,,1,,,,,,,,,,,1,,,,,
Cambodia,KH,KHM,Flood,,,,,,,,,,,,1,,,1,,1,,,2,1,1,1,,1,1,2,1,,,1,1,1,1,1,1,,,1,1,,3
Cambodia,KH,KHM,Storm,,,,,,,,,,,,,,,,,,1,,,,,,,,,,,,2,,,,,,1,,,,,2,1
Cambodia,KH,KHM,TOTAL,,,,,,,,1,,,,1,,,2,,1,1,,2,1,2,2,,1,2,2,1,,2,1,1,1,1,1,2,1,,1,1,2,4
Cameroon,CM,CMR,Drought,,,,,,,,,,,1,,,,,,,,,,,1,,,,1,,,,,,,1,,,,,,,,,
Cameroon,CM,CMR,Flood,,,,,,,,,1,,,1,,,1,,,,,1,1,1,,,,1,,1,1,,1,,2,1,1,1,,1,,,1,
Cameroon,CM,CMR,Landslide,,,,,,,,,,,,,,,,,,,,,,,,1,,,,,,,,,,,,,,,,1,,
Cameroon,CM,CMR,TOTAL,,,,,,,,,1,,1,1,,,1,,,,,1,1,2,,1,,2,,1,1,,1,,3,1,1,1,,1,,1,1,
Canada,CA,CAN,Drought,,,,,1,,,,1,,,,,,,,,,,,,,,,,,,,,,,,,,,,,,,,,
Canada,CA,CAN,Extreme temperature,,,1,,,,,,,,,,1,,,,,,,,,,,,,,,,,,,,,1,1,,,,1,,,1
Canada,CA,CAN,Flood,,,,1,,,1,2,1,,1,,,1,,1,1,1,1,,,,1,4,2,2,5,1,2,1,,1,1,1,1,,1,2,1,1,1,1
Canada,CA,CAN,Storm,,1,,,,1,1,1,,1,,1,,,2,1,1,1,1,2,1,1,,2,2,1,,2,,2,1,2,2,1,,,,,1,1,1,1
Canada,CA,CAN,TOTAL,1,1,1,1,1,2,4,3,2,2,1,1,2,1,3,4,2,3,3,3,1,2,2,7,4,5,5,3,2,3,1,4,3,3,2,1,2,3,4,2,2,4
Canada,CA,CAN,Wildfire,1,,,,,1,2,,,1,,,1,,1,2,,1,1,1,,1,1,1,,2,,,,,,1,,,,1,1,1,1,,,1
Canary Island,,SPI,Extreme temperature,,,,,,,,,,,,,,,,,,,,,,,,,1,,,,,,,,,,,,,,,,,
Canary Island,,SPI,Flood,,,,,,,,,,,,,,,,,,,,,,1,1,,,,,,,,,,,,,,,,,,,
Canary Island,,SPI,Storm,,,,,,,,,,,,,,,,,,,,1,,,,,,1,,,,,,,,,,,,,,,,
Canary Island,,SPI,TOTAL,,,,,,,,,,,,,,,,,,,,1,,1,1,,1,1,,1,,,,,,,,,,,,,,
Canary Island,,SPI,Wildfire,,,,,,,,,,,,,,,,,,,,,,,,,,,,1,,,,,,,,,,,,,,
Cayman Islands,KY,CYM,Storm,,,,,,,,,,,,,,,,,,,,,,1,2,,2,,,,2,,,,,,,,,,,,,
Cayman Islands,KY,CYM,TOTAL,,,,,,,,,,,,,,,,,,,,,,1,2,,2,,,,2,,,,,,,,,,,,,
Central African Rep.,CF,CAF,Drought,,,,1,,,,,,,,,,,,,,,,,,,,,,,,,,,,,,,,,,,,,,
Central African Rep.,CF,CAF,Flood,,,,,,,,,,,,,,,,1,1,,1,2,,,,1,1,1,,1,1,1,1,1,,1,,,,1,,1,,1
Central African Rep.,CF,CAF,Storm,,1,,,,,,,,,,,,,,,,,,,,1,,,,,,,,2,,1,2,1,,1,,1,,,,
Central African Rep.,CF,CAF,TOTAL,,1,,1,,,,,,,,,,,,2,1,,1,2,,1,1,1,1,1,,1,1,3,1,2,2,2,,1,,2,,1,,1
Central African Rep.,CF,CAF,Wildfire,,,,,,,,,,,,,,,,1,,,,,,,1,,,,,,,,,,,,,,,,,,,
Chad,TD,TCD,Drought,1,,,,,,,,,,,,,1,,,,1,,,,1,,,,,,,,1,,,1,,,,,1,,,,
Chad,TD,TCD,Flood,,,,,,1,,,1,,,1,,,,1,,,1,1,,1,,,,,1,2,2,2,1,,2,,,,,,,1,2,1
Chad,TD,TCD,Landslide,,,,,,,,,,,,,,,,,,,,,,,,,,,,,,,,,,,,,,,,1,,
Chad,TD,TCD,Storm,,,,,,,,,1,,,,,,,,,,,,,,,,,,,1,,,,,,,,,,,,,,
Chad,TD,TCD,TOTAL,1,,,,,1,,,2,,,1,,1,,1,,1,1,1,,2,,,,,1,3,2,3,1,,3,,,,,1,,2,2,1
Chile,CL,CHL,Drought,,,,,,,,,,,,1,,,,,,,,,,,,,,,,,,,,,,,,,,,,,,
Chile,CL,CHL,Extreme temperature,,,,,,,,,,,,,,,,1,,,,,1,,1,,1,,,1,,,1,2,,1,,,,,,,,
Chile,CL,CHL,Flood,,,1,,,,1,2,,1,1,,,1,,1,,1,,,2,3,3,,1,2,1,,2,,,,1,,1,2,1,3,,1,,1
Chile,CL,CHL,Landslide,,,,,,,,1,,,,1,,,,,,,,,,,,,,,,,,,,,,,,,,1,,,,
Chile,CL,CHL,Storm,,,,,2,,1,,,,,,2,,,,,2,,,,1,,,,1,,,,,,,,,,1,,,,,,1
Chile,CL,CHL,TOTAL,,,1,,2,,2,3,,1,1,2,3,2,,2,,4,,1,3,4,5,1,2,3,1,1,2,,1,4,2,1,2,4,1,5,,2,,2
Chile,CL,CHL,Wildfire,,,,,,,,,,,,,1,1,,,,1,,1,,,1,1,,,,,,,,2,1,,1,1,,1,,1,,
"China, P.R.: Hong Kong",HK,HKG,Drought,,1,,1,,,,,,,,,,,,,,,,,,,,,,,,,,,,,,,,,,,,,,
"China, P.R.: Hong Kong",HK,HKG,Extreme temperature,,,,,,,,1,,,,,,,,,,,,,,,,,,,,,,,,,,,,,,,,,,
"China, P.R.: Hong Kong",HK,HKG,Flood,,,1,1,,2,,2,,1,,,1,,1,,,1,,,,,,,,1,,,,,,,,,,,,,,,,
"China, P.R.: Hong Kong",HK,HKG,Landslide,,,1,,,,,,,,,,,1,,,,,,,,,,,,,,,,,,,,,,,,,,,,
"China, P.R.: Hong Kong",HK,HKG,Storm,2,1,1,2,,1,2,,1,2,,1,2,6,,,,1,,1,,,,2,,,,,3,1,1,,,,,,,2,1,,,2
"China, P.R.: Hong Kong",HK,HKG,TOTAL,4,4,5,5,,4,3,4,1,4,,1,3,7,1,,,2,,1,,,,2,,1,,,3,1,1,,,,,,,2,1,,,2
"China, P.R.: Hong Kong",HK,HKG,Wildfire,2,2,2,1,,1,1,1,,1,,,,,,,,,,,,,,,,,,,,,,,,,,,,,,,,
"China, P.R.: Macao",MO,MAC,Storm,,,,,,,,,,,,,,4,,,,,,,,,,,,,,,,,,,,,,,,2,,,,
"China, P.R.: Macao",MO,MAC,TOTAL,,,,,,,,,,,,,,4,,,,,,,,,,,,,,,,,,,,,,,,2,,,,
"China, P.R.: Mainland",CN,CHN,Drought,,,,1,,1,,,1,,,1,2,,2,1,,1,,1,3,2,3,2,,2,1,,1,2,1,,,1,2,1,1,1,,,,1
"China, P.R.: Mainland",CN,CHN,Extreme temperature,,,,,,,1,,,,,,,,1,,,3,,,,,1,,1,1,,,2,,,1,1,1,,,1,,,,,
"China, P.R.: Mainland",CN,CHN,Flood,4,5,4,1,2,7,2,4,8,1,3,3,6,4,6,3,4,6,5,6,9,9,10,6,9,11,20,12,7,7,5,5,12,14,13,12,12,12,8,6,5,4
"China, P.R.: Mainland",CN,CHN,Landslide,,,2,,1,1,,1,2,1,,1,,1,1,1,4,2,1,1,2,6,4,2,1,,1,1,4,5,8,2,1,3,2,1,3,4,,2,1,
"China, P.R.: Mainland",CN,CHN,Storm,1,1,,5,3,3,7,6,4,7,11,5,8,11,5,6,8,5,5,9,10,10,6,5,7,14,8,6,9,10,6,5,8,15,16,17,13,9,12,4,4,7
"China, P.R.: Mainland",CN,CHN,TOTAL,5,7,6,7,6,12,10,12,15,9,14,10,16,16,15,12,16,17,11,18,24,27,24,16,18,28,30,19,23,24,21,13,22,34,33,31,30,26,20,13,11,12
"China, P.R.: Mainland",CN,CHN,Wildfire,,1,,,,,,1,,,,,,,,1,,,,1,,,,1,,,,,,,1,,,,,,,,,1,1,
Colombia,CO,COL,Drought,,,,,,,,,,,,,,,,,,,1,,,,,,,,,,,,,,,,,1,,,,,,
Colombia,CO,COL,Flood,1,1,1,,1,,1,1,1,1,4,,,1,3,1,2,1,,3,3,2,4,3,2,3,1,4,2,1,3,2,3,1,4,1,2,4,2,5,3,10
Colombia,CO,COL,Landslide,,1,1,,,,3,2,,,,3,,2,,1,1,,1,2,,2,1,1,,,,,1,2,2,1,,,,1,,2,,1,1,1
Colombia,CO,COL,Storm,,,,1,,,1,,1,,,,,,,,,,,1,,1,,,,1,,,,,,,,,1,,,1,,,2,
Colombia,CO,COL,TOTAL,1,2,2,1,1,,5,3,2,1,4,4,,3,3,2,3,1,2,6,3,6,5,4,2,4,1,4,3,3,6,3,3,1,5,4,2,7,2,6,6,11
Colombia,CO,COL,Wildfire,,,,,,,,,,,,1,,,,,,,,,,1,,,,,,,,,1,,,,,1,,,,,,
"Comoros, Union of the",KM,COM,Drought,,1,,,,,,,,,,,,,,,,,,,,,,,,,,,,,,,,,,,,,,,,
"Comoros, Union of the",KM,COM,Flood,,,,,,,,,,,,,,,,,,,,,,,,,,,,,,1,,,1,,,,,,,,,
"Comoros, Union of the",KM,COM,Storm,,,,1,,1,,1,,1,,,,,,,,,,,,,,1,,,,,,,,,,,1,,,,,2,,
"Comoros, Union of the",KM,COM,TOTAL,,1,,1,,1,,1,,1,,,,,,,,,,,,,,1,,,,,,1,,,1,,1,,,,,2,,
"Congo, Dem. Rep. of the",CD,COD,Drought,,,,1,,,,,,,,,,,,,,,,,,,,,,,,,,,,,,,,,,,,,,
"Congo, Dem. Rep. of the",CD,COD,Flood,,,,,,,,,,,1,,,,1,,,1,,1,,2,1,2,,,3,1,1,1,2,2,1,,1,3,2,1,1,1,6,
"Congo, Dem. Rep. of the",CD,COD,Landslide,,,,,,,,,,1,,,,,,,,,,,,1,,,,,,,,,1,,,,1,,,1,,2,,
"Congo, Dem. Rep. of the",CD,COD,Storm,,,,,,,,,,,,,,,,,,,,,,,,2,,1,1,,1,,,,,,,,,,,,,
"Congo, Dem. Rep. of the",CD,COD,TOTAL,,,,1,,,,,,1,1,,,,1,,,1,,1,,3,1,4,,1,4,1,2,2,4,2,1,,2,4,2,2,1,3,6,
"Congo, Dem. Rep. of the",CD,COD,Wildfire,,,,,,,,,,,,,,,,,,,,,,,,,,,,,,1,1,,,,,1,,,,,,
"Congo, Rep. of",CG,COG,Drought,,,,1,,,,,,,,,,,,,,,,,,,,,,,,,,,,,,,,,,,,,,
"Congo, Rep. of",CG,COG,Flood,,,,,,,,,,,,,,,1,,,,1,1,,,1,,,1,1,1,,,,,2,,,,,,,2,2,1
"Congo, Rep. of",CG,COG,TOTAL,,,,1,,,,,,,,,,,1,,,,1,1,,,1,,,1,1,1,,,,,2,,,,,,,2,2,1
Cook Islands,CK,COK,Storm,,1,,,,,,1,,,1,,,,,,,1,,,,1,,,,1,,,,,1,,,,,,,,,,,
Cook Islands,CK,COK,TOTAL,,1,,,,,,1,,,1,,,,,,,1,,,,1,,,,1,,,,,1,,,,,,,,,,,
Costa Rica,CR,CRI,Drought,,,,,,,,,,,,,,,1,,,,1,,,,,,,,,,,,,,,,1,,,,1,,,
Costa Rica,CR,CRI,Flood,1,,,,,,,,1,,,1,,1,1,,1,,,1,,1,2,1,2,2,,2,3,,2,1,1,,,1,,,1,,,1
Costa Rica,CR,CRI,Landslide,,,,,,,,,,,,,,,,,,,,,1,,,,,,,,,,,,,,,,,,,,,
Costa Rica,CR,CRI,Storm,,,,,,,,,1,,,,,,,1,2,,1,,,,,,,1,,,1,,,,,,,,1,1,,,1,
Costa Rica,CR,CRI,TOTAL,1,,,,,,,,2,,,1,1,1,2,1,3,,2,1,1,1,2,1,2,3,,2,4,,2,1,1,,1,1,1,1,2,,1,1
Costa Rica,CR,CRI,Wildfire,,,,,,,,,,,,,1,,,,,,,,,,,,,,,,,,,,,,,,,,,,,
Côte d'Ivoire,CI,CIV,Drought,1,,,,,,,,,,,,,,,,,,,,,,,,,,,,,,,,,,,,,,,,,
Côte d'Ivoire,CI,CIV,Flood,,,,,,,,,,1,,,,,,,1,,,,,,,,,,,1,1,,2,,,,2,1,1,1,1,1,1,
Côte d'Ivoire,CI,CIV,Landslide,,,,,,,,,,,,,,,,,,,,,,,,,,,,,,1,,,,,,,,,,,,
Côte d'Ivoire,CI,CIV,TOTAL,1,,,,,,,,,1,,,,,,,1,,,,,,,,,,,1,1,1,2,,,,2,1,1,1,1,1,1,
"Croatia, Rep. of",HR,HRV,Drought,,,,,,,,,,,,,,,,,,,,,,,,1,,,,,,,,,,,,,,,,,,
"Croatia, Rep. of",HR,HRV,Extreme temperature,,,,,,,,,,,,,,,,,,,,,1,,,1,,1,,,,,1,,2,,,,,,,,,
"Croatia, Rep. of",HR,HRV,Flood,,,,,,,,,,,,,,,,,,,,,1,1,,,,1,1,,,,2,,1,,2,1,,,1,1,,
"Croatia, Rep. of",HR,HRV,Storm,,,,,,,,,,,,,,,,,,,,,,,,,,1,,,,,,,,,,,,1,,,,
"Croatia, Rep. of",HR,HRV,TOTAL,,,,,,,,,,,,,,,,,,1,,,3,1,,3,,3,1,2,,,3,,3,,2,1,,2,1,1,,
"Croatia, Rep. of",HR,HRV,Wildfire,,,,,,,,,,,,,,,,,,1,,,1,,,1,,,,2,,,,,,,,,,1,,,,
Cuba,CU,CUB,Drought,,1,,,,,1,,,,,,,1,,,,,1,,1,,,,1,,,,,,,,,,,1,,,,,,
Cuba,CU,CUB,Flood,,,,1,,1,1,,1,,2,,1,2,1,1,2,1,,,1,,1,1,,,1,1,1,,,,1,1,,1,,,,,,
Cuba,CU,CUB,Storm,1,,1,,,1,,,2,,,,,1,1,2,1,,1,1,,1,2,,2,2,1,2,4,,,,2,,,,1,1,2,1,2,2
Cuba,CU,CUB,TOTAL,1,1,1,1,,2,2,1,3,,2,,1,4,2,3,3,1,2,2,2,1,3,1,3,2,2,3,5,,,,3,1,,2,1,1,2,1,2,2
Cuba,CU,CUB,Wildfire,,,,,,,,1,,,,,,,,,,,,1,,,,,,,,,,,,,,,,,,,,,,
Cyprus,CY,CYP,Drought,,,,,,,,,,,,1,,,,,,,,,1,,,,,,,,,,,,,,,,,,,,,
Cyprus,CY,CYP,Extreme temperature,,,,,,,,,,,,,,,,,,,1,,1,,,,,,,1,,,,,,,,,,,,,,
Cyprus,CY,CYP,Storm,,,,1,,,,,,,,,,,,,,,,,,,,1,1,,,,,,,,,,,,,,,,,
Cyprus,CY,CYP,TOTAL,,,,1,,,,,,,,1,,,,,,,1,,3,,,1,1,,,1,,,,,,,,,,,,,,1
Cyprus,CY,CYP,Wildfire,,,,,,,,,,,,,,,,,,,,,1,,,,,,,,,,,,,,,,,,,,,1
Czech Rep.,CZ,CZE,Extreme temperature,,,,,,,,,,,,,,,,,,,,,,,,1,,1,,,,,1,,2,,,,,,1,,,
Czech Rep.,CZ,CZE,Flood,,,,,,,,,,,,,,,,,1,1,1,,1,,1,,,1,2,,,1,3,,,1,,,,,,,,1
Czech Rep.,CZ,CZE,Storm,,,,,,,,,,,,,,,,,,,,,,,2,,,1,,1,1,1,,,,,,,,1,,,1,2
Czech Rep.,CZ,CZE,TOTAL,,,,,,,,,,,,,,,,,1,1,1,,1,,3,1,,3,2,1,1,2,4,,2,1,,,,1,1,,1,3
Denmark,DK,DNK,Drought,,,,,,,,,,,,,1,,,,,,,,,,,,,,,,,,,,,,,,,,,,,
Denmark,DK,DNK,Storm,1,1,,1,,1,,,,,3,,,,,,,,,1,,,1,,,1,,1,,,1,,,2,,,,,,,,
Denmark,DK,DNK,TOTAL,1,1,,1,,1,,,,,3,,1,,,,,,,1,,,1,,,1,,1,,,1,,,2,,,,,,,,
Djibouti,DJ,DJI,Drought,1,,,1,,,,,1,,,,,,,,1,,,1,,,,,,1,,1,1,,1,,,,,,,,,,,
Djibouti,DJ,DJI,Flood,,1,,,,,,,,1,,,,1,1,,,,,,,,,,1,,,,,,,,,,,,,,,1,1,
Djibouti,DJ,DJI,Storm,,,,,,,,,,,,,,,,1,,,,,,,,,,,,,,,,,,,,,,,1,,,
Djibouti,DJ,DJI,TOTAL,1,1,,1,,,,,1,1,,,,1,1,1,1,,,1,,,,,1,1,,1,1,,1,,,,,,,,1,1,1,
Dominica,DM,DMA,Storm,1,,,,1,,,,,1,,,,,,2,,,,1,,,,,,,,1,,,,1,,,,1,,1,,,,
Dominica,DM,DMA,TOTAL,1,,,,1,,,,,1,,,,,,2,,,,1,,,,,,,,1,,,,1,,,,1,,1,,,,
Dominican Rep.,DO,DOM,Flood,,1,,,,1,,,1,,,1,,2,,,1,,,,,,1,2,1,1,,2,,2,2,1,2,1,1,2,2,,1,,,
Dominican Rep.,DO,DOM,Storm,1,,,,,,1,1,,1,,,,,,2,1,,1,,,1,,1,3,1,,3,3,,1,2,2,,,1,1,3,1,,2,2
Dominican Rep.,DO,DOM,TOTAL,1,1,,1,,1,1,1,1,1,,1,,2,,2,2,,1,,,1,1,3,4,3,,5,3,2,3,3,4,1,1,3,3,3,2,,2,2
Dominican Rep.,DO,DOM,Wildfire,,,,1,,,,,,,,,,,,,,,,,,,,,,1,,,,,,,,,,,,,,,,
Ecuador,EC,ECU,Drought,,,,,,,,,,,,,,,,,,1,,,,,,,,,,,,1,,,,1,,,,,,,,
Ecuador,EC,ECU,Flood,,,1,1,,,,1,,1,,,1,,,,,2,,,1,2,2,1,,,1,,1,1,2,1,1,1,,1,2,,,1,1,2
Ecuador,EC,ECU,Landslide,,,,1,,,,1,,,,,,3,,,,,,,2,,,,,,,,,,,1,,2,,,,,,1,,
Ecuador,EC,ECU,TOTAL,,,1,2,,1,,2,,1,,,1,3,1,,,3,,,3,2,2,1,,,1,,1,2,2,2,2,4,,1,2,,,2,1,2
Ecuador,EC,ECU,Wildfire,,,,,,1,,,,,,,,,1,,,,,,,,,,,,,,,,,,1,,,,,,,,,
"Egypt, Arab Rep. of",EG,EGY,Extreme temperature,,,,,,,,,,,,,,,,1,1,,,,1,,,,,,,,,,,,,,,1,,,,,,
"Egypt, Arab Rep. of",EG,EGY,Flood,,,,,,,,,,,,1,,,1,1,1,1,,,,,2,,,,,,,,2,,,,,,,,,,1,1
"Egypt, Arab Rep. of",EG,EGY,Storm,,,,,,,,1,,,,,,,,,,1,,,,,,,1,,,,,,1,,,,,2,1,,,,,
"Egypt, Arab Rep. of",EG,EGY,TOTAL,,,,,,,,1,,,,1,,,1,2,2,2,,,1,,2,,1,,,,,,3,,,,,3,1,,,,1,1
El Salvador,SV,SLV,Drought,,,1,,,,,,,,,,,,1,,,,1,,,1,,,,,,,,1,,,,,1,,,,1,,,
El Salvador,SV,SLV,Extreme temperature,,,,,,,,,,,,,,,,,,,,,,,,,,,1,,,,,,,,,,,,,,,
El Salvador,SV,SLV,Flood,,,1,,,,,,1,1,,,1,,,1,,,,1,1,1,1,,,2,,1,2,,,1,,,,1,,,1,,,1
El Salvador,SV,SLV,Landslide,,,,,,,,,1,,,,,1,,,,,,,,,,,,,,,,,,,,,,,,,,,1,
El Salvador,SV,SLV,Storm,,,,,,,,,,,,,,,,,1,1,1,,1,,1,,,2,,1,,1,3,,,,,1,,1,,,3,
El Salvador,SV,SLV,TOTAL,,,2,,,,,,2,1,,,1,1,1,1,1,1,2,1,2,2,2,,,4,1,2,2,2,3,1,,,1,2,,1,2,,4,1
"Eritrea, The State of",ER,ERI,Drought,,,,,,,,,,,,,,1,,,,,,1,,,,,,,,,1,,,,,,,,,,,,,
"Eritrea, The State of",ER,ERI,Flood,,,,,,,,,,,,,,,,,,,,,,,,1,1,,,,,,,,,,,,,,,,,
"Eritrea, The State of",ER,ERI,Storm,,,,,,,,,,,,,,1,,,,,,,,,,,,,,,,,,,,,,,,,,,,
"Eritrea, The State of",ER,ERI,TOTAL,,,,,,,,,,,,,,2,,,,,,1,,,,1,1,,,,1,,,,,,,,,,,,,
"Estonia, Rep. of",EE,EST,Extreme temperature,,,,,,,,,,,,,,,,,,,,,,,,,,1,,,,,,,1,,,,,,1,,,
"Estonia, Rep. of",EE,EST,Storm,,,,,,,,,,,,,,,,,,,,,,,,,,1,,,,,,,,,,,,,,,,
"Estonia, Rep. of",EE,EST,TOTAL,,,,,,,,,,,,,,,,,,,,,,,,,,2,,,,,,,1,,,,,,1,,,
"Eswatini, Kingdom of",SZ,SWZ,Drought,,1,,,1,,,,,,1,,,,,,,,,,,1,,,,,,1,,,,,,,,,1,,,1,,
"Eswatini, Kingdom of",SZ,SWZ,Flood,,,,,,,,,,,,,,,,,,,,,1,,,,,,,,1,,,,,,1,,,,,,,
"Eswatini, Kingdom of",SZ,SWZ,Storm,,,,,1,,,,,,,,,,,,,,,,,,,,,1,1,,,,,,,,,,,,,,,1
"Eswatini, Kingdom of",SZ,SWZ,TOTAL,,1,,,2,,,,,,1,,,,,,,,,,1,1,,,,1,1,2,1,,,,,,1,,1,,,1,,1
"Eswatini, Kingdom of",SZ,SWZ,Wildfire,,,,,,,,,,,,,,,,,,,,,,,,,,,,1,,,,,,,,,,,,,,
"Ethiopia, The Federal Dem. Rep. of",ET,ETH,Drought,,,,1,,,,1,,1,,,,,,,,1,1,1,,,,1,,1,,,1,1,1,1,,,,1,,,,,,1
"Ethiopia, The Federal Dem. Rep. of",ET,ETH,Flood,,1,,,,2,,,2,,1,,,2,1,1,2,2,,6,2,3,1,1,,4,7,2,3,,2,1,,1,,1,2,,,1,2,1
"Ethiopia, The Federal Dem. Rep. of",ET,ETH,Landslide,,,,,,,,,,,,,,,1,,,,,,1,,,,,,,,,,,,,,,,,,2,1,2,
"Ethiopia, The Federal Dem. Rep. of",ET,ETH,TOTAL,,1,,1,,2,,1,2,1,1,,,2,2,1,2,3,1,7,4,3,1,2,,5,7,2,4,1,3,2,,1,,2,2,,2,2,4,2
"Ethiopia, The Federal Dem. Rep. of",ET,ETH,Wildfire,,,,,,,,,,,,,,,,,,,,,1,,,,,,,,,,,,,,,,,,,,,
"Fiji, Rep. of",FJ,FJI,Drought,,,,1,,,,,,,,,,,,,,,1,,,,,,,,,,,,,,,,,1,,,,,,
"Fiji, Rep. of",FJ,FJI,Flood,,,,,,,1,,,1,,,,,,,,,,,1,,,,1,1,1,2,,1,,,2,,,,,,,,,
"Fiji, Rep. of",FJ,FJI,Storm,1,1,,2,,3,1,1,,,1,,1,1,,,,1,,1,,1,,1,1,,1,2,1,1,1,,1,,,,2,,2,1,3,1
"Fiji, Rep. of",FJ,FJI,TOTAL,1,1,,3,,3,2,1,,1,1,,1,1,,,,1,1,1,1,1,,1,2,1,2,4,1,2,1,,3,,,1,2,,2,1,3,1
Finland,FI,FIN,Flood,,,,,,,,,,,,,,,,,,,,,,,,,,1,,,,,,,,,,,,,,,,
Finland,FI,FIN,Storm,,,,,,,,,,,2,,,,,,,,,,,,,,,,,,,,,,,,,,,,,,,
Finland,FI,FIN,TOTAL,,,,,,,,,,,2,,,,,,,,,,,,,,,1,,,,,,,,,,,,,,,,
France,FR,FRA,Drought,,,1,,,,,,,1,,1,,,,,,1,,,,,,,,,,,,,,,,,,,,,,,,
France,FR,FRA,Extreme temperature,,,,,,1,,,,,1,2,,,,,,1,,,,,,1,,2,1,,1,2,1,,1,,,1,,,2,2,1,
France,FR,FRA,Flood,1,1,,3,,,,1,1,,,,1,1,3,,2,,,3,6,5,3,2,,2,,,,,1,1,,1,3,1,1,1,2,2,3,6
France,FR,FRA,Landslide,,,2,2,,,,,,,1,,,,,,,,1,1,,,,,,,,,,,,,,,,,,,,,,
France,FR,FRA,Storm,,,2,2,3,1,,1,,1,8,,2,2,,1,1,,1,3,1,2,2,2,1,,2,3,3,1,2,1,,2,4,1,,1,3,5,3,2
France,FR,FRA,TOTAL,1,1,6,8,5,3,1,2,1,2,10,3,3,3,3,1,3,3,2,8,7,7,5,6,1,5,3,3,4,4,4,2,1,3,7,3,1,3,7,9,7,8
France,FR,FRA,Wildfire,,,1,1,2,1,1,,,,,,,,,,,1,,1,,,,1,,1,,,,1,,,,,,,,1,,,,
French Polynesia,PF,PYF,Flood,,,,,,,,,,,,,,,,,,,,,,,,,,,,,,,,,,,,,,1,,,,
French Polynesia,PF,PYF,Landslide,,,,,,,,1,,,,,,,,,,,2,,,,,,,,,,,,,,,,,,,,,,,
French Polynesia,PF,PYF,Storm,,,,2,,,,,,,,,,,,,,,,,,,,,,,,,,,1,,,,,,,,,,,
French Polynesia,PF,PYF,TOTAL,,,,2,,,,1,,,,,,,,,,,2,,,,,,,,,,,,1,,,,,,,1,,,,
Gabon,GA,GAB,Flood,,,,,,,,,1,,,,,,,,,,,,,,,,,,,,,,,,1,,,,,,,,,
Gabon,GA,GAB,Storm,,,,,,,,,,,,,,,,,,,,,,,,,,,,,,1,2,,,,,,,,,,,
Gabon,GA,GAB,TOTAL,,,,,,,,,1,,,,,,,,,,,,,,,,,,,,,1,2,,1,,,,,,,,,
"Gambia, The",GM,GMB,Drought,1,,,,,,,,,,,,,,,,,,,,,,1,,,,,,,,,,1,,,1,,,,,,
"Gambia, The",GM,GMB,Flood,,,,,,,,,,,,,,,,,1,,,1,,1,,,,,,1,1,1,2,,,1,,,,1,,,,
"Gambia, The",GM,GMB,Storm,,,,,,,,,,,,,,,,,,,,,,,,1,1,,,,1,1,,,,,,,,,,1,,1
"Gambia, The",GM,GMB,TOTAL,1,,,,,,,,,,,,,,,,1,,,1,,1,1,1,1,,,1,2,2,2,,1,1,,1,,1,,1,,1
Georgia,GE,GEO,Drought,,,,,,,,,,,,,,,,,,,,,1,,,,,,,,,,,,,,,,,,,,,
Georgia,GE,GEO,Flood,,,,,,,,,,,,,,,,1,,3,,,,,,,2,1,1,,,,,1,1,2,1,1,,,1,1,1,1
Georgia,GE,GEO,Storm,,,,,,,,,,,,,,,,,,,,,,1,,,,,,,,,,,1,1,,,,,,,,
Georgia,GE,GEO,TOTAL,,,,,,,,,,,,,,,,1,,3,,,1,1,,,2,1,1,,,,,1,2,3,1,1,,,1,1,1,1
Germany,DE,DEU,Extreme temperature,,,,,,,,,,,,,,,,,,1,,,,,,1,,2,1,,1,1,1,,2,,,,,,1,2,,
Germany,DE,DEU,Flood,,,,,,,,,,,,,1,1,2,,,1,,1,,,1,,,2,1,1,,1,1,1,,1,,,1,1,,,,1
Germany,DE,DEU,Landslide,,,,,,,,,,,,,,,,,,,,1,,,,,,,,,,,,,,,,,,,,,,
Germany,DE,DEU,Storm,,,,,,,,,,,6,1,,2,2,2,1,,1,2,,1,3,2,1,1,3,2,2,1,2,,,3,2,,,2,1,1,1,2
Germany,DE,DEU,TOTAL,,,,,,,,,,,6,1,1,3,4,2,1,2,1,4,,1,4,3,1,5,5,3,3,3,4,1,2,4,2,,1,3,2,3,1,3
Germany Dem Rep (former),,DDR,Storm,,,,,2,1,,,,,,,,,,,,,,,,,,,,,,,,,,,,,,,,,,,,
Germany Dem Rep (former),,DDR,TOTAL,,,,,2,1,,,,,,,,,,,,,,,,,,,,,,,,,,,,,,,,,,,,
Germany Fed Rep (former),,DFR,Flood,,,,1,,,,,1,,,1,,,,,,,,,,,,,,,,,,,,,,,,,,,,,,
Germany Fed Rep (former),,DFR,Storm,,,,,2,1,,,,,,,,,,,,,,,,,,,,,,,,,,,,,,,,,,,,
Germany Fed Rep (former),,DFR,TOTAL,,,,2,2,1,,,1,,,1,,,,,,,,,,,,,,,,,,,,,,,,,,,,,,
Germany Fed Rep (former),,DFR,Wildfire,,,,1,,,,,,,,,,,,,,,,,,,,,,,,,,,,,,,,,,,,,,
Ghana,GH,GHA,Drought,1,,,,,,,,,,,,,,,,,,,,,,,,,,,,,,,,,,,,,,,,,
Ghana,GH,GHA,Flood,,,,,,,,,,1,,1,,,,1,,,,1,,1,2,,,,,1,1,2,2,2,,1,,1,1,1,1,2,2,2
Ghana,GH,GHA,Storm,,,,,,,,,,,,,,,,,,,,,,,,,,,,,,,,,,,,,,1,,,,
Ghana,GH,GHA,TOTAL,1,,,,,1,,,,1,,1,,,,1,,,,1,,1,2,,,,,1,1,2,2,2,,1,,1,1,2,1,2,2,2
Ghana,GH,GHA,Wildfire,,,,,,1,,,,,,,,,,,,,,,,,,,,,,,,,,,,,,,,,,,,
Greece,GR,GRC,Drought,,,,,,,,,,,1,,,,,,,,,,,,,,,,,,,,,,,,,,,,,,,
Greece,GR,GRC,Extreme temperature,,,,,,1,,1,1,,,1,,,,,,,,,1,,,,,,,1,,,,,1,,,,,1,,,,
Greece,GR,GRC,Flood,,,,,,,,,,,,,,,1,,,1,1,,2,2,4,3,,,2,1,,,1,,1,,1,2,1,1,,,2,
Greece,GR,GRC,Storm,,,,,,,,1,,,1,,,,,,,,,,,,1,,2,,1,,,,,,,,,,,,,1,,
Greece,GR,GRC,TOTAL,,,,1,2,2,,3,1,,2,1,,,1,1,,1,2,,5,2,5,3,2,,3,4,,2,1,,2,,1,2,1,2,1,1,2,1
Greece,GR,GRC,Wildfire,,,,1,2,1,,1,,,,,,,,1,,,1,,2,,,,,,,2,,2,,,,,,,,,1,,,1
Grenada,GD,GRD,Drought,,,,,,,,,,,,,,,,,,,,,,,,,,,,,,,1,,,,,,,,,,,
Grenada,GD,GRD,Storm,1,,,,,,,,,,1,,,,,,,,,1,,,1,,1,,,,,,,,,,,,,,,,,
Grenada,GD,GRD,TOTAL,1,,,,,,,,,,1,,,,,,,,,1,,,1,,1,,,,,,1,,,,,,,,,,,
Guam,GU,GUM,Storm,,,,,,,,1,,,,,1,,,,,1,,,,,2,,2,,,,,,,,,,,,,,,,,
Guam,GU,GUM,TOTAL,,,,,,,,1,,,,,1,,,,,1,,,,,2,,2,,,,,,,,,,,,,,,,,
Guatemala,GT,GTM,Drought,,,,,,,,1,,,,,,,1,,,,,,,1,,,,,,,,1,,,1,,1,,,,1,,,
Guatemala,GT,GTM,Extreme temperature,,,,,,,,,,,,,,,,,,,,,,1,,,,,1,,,,,1,,,1,,,,,,,
Guatemala,GT,GTM,Flood,,,1,,,,,1,1,1,,,,,1,1,,,,1,2,,1,,,1,,2,2,1,1,3,,,1,2,,4,2,,2,3
Guatemala,GT,GTM,Landslide,,,,,,,,,,,,,,,,,,,1,,,,1,1,,2,,,1,,1,1,,,,1,1,1,,,,
Guatemala,GT,GTM,Storm,,,,,,,,,,,,,,,,,1,,1,,,1,1,,,1,,1,1,,3,1,,,1,,1,1,,2,3,
Guatemala,GT,GTM,TOTAL,,,1,,,,,3,1,1,,,,,2,1,1,,2,1,2,3,3,2,,4,1,3,4,2,5,6,1,,4,3,2,6,3,2,5,3
Guatemala,GT,GTM,Wildfire,,,,,,,,1,,,,,,,,,,,,,,,,1,,,,,,,,,,,,,,,,,,
Guinea,GN,GIN,Drought,1,,,,,,,,,,,,,,,,,,1,,,,,,,,,,,,,,,,,,,,,,,
Guinea,GN,GIN,Flood,,1,,,,,,,,,,,,1,,,,,,,,1,,,,,1,1,1,1,2,1,,1,,1,,1,,,1,1
Guinea,GN,GIN,Landslide,,,,,,,,,,,,,,,,,,,,,,,,,,,,,,,,,,,,1,,,,,,
Guinea,GN,GIN,Storm,,,,,,,,,,,,,,,,,,,,,1,,,,,,,,,,,,,,,,,,,,,
Guinea,GN,GIN,TOTAL,1,1,,,,,,,,,,,,1,,,,,1,,1,1,,,1,,1,1,1,1,2,1,,1,,2,,1,,,1,1
Guinea,GN,GIN,Wildfire,,,,,,,,,,,,,,,,,,,,,,,,,1,,,,,,,,,,,,,,,,,
Guinea-Bissau,GW,GNB,Drought,1,,,,,,,,,,,,,,,,,,,,,,1,,,,1,,,,,,,,,,,,,,,
Guinea-Bissau,GW,GNB,Flood,,,,,,,,,,,,,,,,,,,,,,,,1,1,,,,1,,1,,,,,,,,,,,
Guinea-Bissau,GW,GNB,Storm,,,,,,,,1,,,,,,1,,,,,,,,,,,,,,,,,,,,,,,,,1,,,
Guinea-Bissau,GW,GNB,TOTAL,1,,,,,,,1,,,,,,1,,,,,1,,,,1,1,1,,1,,1,,1,,,,,,,,1,,,
Guinea-Bissau,GW,GNB,Wildfire,,,,,,,,,,,,,,,,,,,1,,,,,,,,,,,,,,,,,,,,,,,
Guyana,GY,GUY,Drought,,,,,,,,,1,,,,,,,,,1,,,,,,,,,,,,,1,,,,,,,,,,,
Guyana,GY,GUY,Flood,,,,,,,,,,1,,,,,,,1,,,,,,,,,1,1,,1,,,,,,,1,,1,,,,1
Guyana,GY,GUY,TOTAL,,,,,,,,,1,1,,,,,,,1,1,,,,,,,,1,1,,1,,1,,,,,1,,1,,,,1
Haiti,HT,HTI,Drought,1,,,,,,,,,,,,1,1,,,,,,,,,,1,,,,,,,,,,,1,,1,,,,,
Haiti,HT,HTI,Flood,,,,,,,2,4,4,2,,,,1,,,2,,,1,2,1,1,3,1,3,2,4,,3,3,2,3,1,1,1,6,2,,2,,1
Haiti,HT,HTI,Landslide,,,,,,,,,,1,,,,,,,,,,,,,,,,,,,,,,,,,,,,,,,,
Haiti,HT,HTI,Storm,1,,,,,,,,1,,1,,,,1,,2,,1,,,1,1,1,2,5,1,3,4,,2,2,2,,,1,1,3,,,1,2
Haiti,HT,HTI,TOTAL,2,,,,,,2,4,5,3,1,,1,2,1,,4,,1,1,2,2,2,5,3,8,3,7,4,3,5,4,5,1,2,2,8,5,,2,1,3
Honduras,HN,HND,Drought,,,,,,,,,,,,,,,1,,,1,,,1,1,1,,1,,,,,1,,,1,,1,,,,1,,,
Honduras,HN,HND,Flood,,1,,,1,,1,,2,,1,,,2,2,1,1,,,1,,,3,2,,1,1,2,1,,2,1,,,2,,2,3,1,,1,
Honduras,HN,HND,Storm,,,1,,,,,,1,,,,,,,1,2,,1,,,1,,,,4,,1,1,,2,,,,,,1,1,,,3,
Honduras,HN,HND,TOTAL,,1,1,,1,,1,,3,,1,,,2,3,2,3,1,1,1,2,2,4,2,1,5,1,3,2,1,4,1,1,,3,,3,4,2,,4,1
Honduras,HN,HND,Wildfire,,,,,,,,,,,,,,,,,,,,,1,,,,,,,,,,,,,,,,,,,,,1
Hungary,HU,HUN,Drought,,,,,,,1,,,,,,1,,,,,,,,,,,1,,,,,,,,,,,,,,,,,,
Hungary,HU,HUN,Extreme temperature,,,,,,,,,,,,,,,,,,,,,,1,,,,1,,1,1,,,,1,,,,,,1,,,
Hungary,HU,HUN,Flood,,,,,,,,,,,,,,,,,1,1,,2,1,1,1,,1,2,1,,,,1,,,1,1,,1,,,,,
Hungary,HU,HUN,Storm,,,,,1,,,,,,,,,,,,,,,1,,,,1,,1,1,,,,,,,1,,,,1,,1,,
Hungary,HU,HUN,TOTAL,,,,,1,,1,,,,,,1,,,,1,1,,3,1,2,1,2,1,4,2,1,1,,1,,1,2,1,,1,1,1,1,,
Iceland,IS,ISL,Flood,,,,,,,,,1,,,,,,,,,,,,,,,,,,,,,,,,,,,,,,,,,
Iceland,IS,ISL,Landslide,,,,1,,,,,,,,,,,,2,,,,,,,,,,,,,,,,,,,,,,,,,,
Iceland,IS,ISL,TOTAL,,,,1,,,,,1,,,,,,,2,,,,,,,,,,,,,,,,,,,,,,,,,,
India,IN,IND,Drought,,,1,,,,,1,,,,,,1,,,1,,,,1,,1,,,,,,,1,,,,,,1,,,1,,,
India,IN,IND,Extreme temperature,2,1,1,,1,2,,1,2,2,2,,1,,1,1,,,2,1,1,2,2,2,,2,1,3,1,2,1,2,2,1,3,1,1,1,1,2,,
India,IN,IND,Flood,5,1,2,4,5,5,3,4,3,2,4,8,5,5,2,3,6,6,3,2,6,9,6,6,6,17,17,16,8,6,8,7,6,5,7,10,8,9,9,5,5,9
India,IN,IND,Landslide,1,,,1,,,2,,2,1,1,,1,1,,3,1,2,5,,3,3,,1,,2,,,1,2,1,,,,1,1,2,3,,,2,2
India,IN,IND,Storm,3,5,2,5,3,2,5,4,1,2,5,1,2,2,2,2,4,1,4,3,2,3,4,7,,4,2,1,1,6,7,3,1,5,5,6,3,5,11,5,4,5
India,IN,IND,TOTAL,11,7,6,10,10,9,10,10,8,7,12,9,9,9,5,9,12,9,14,7,13,17,13,16,6,25,20,20,11,17,17,12,9,11,16,19,15,18,23,12,11,16
India,IN,IND,Wildfire,,,,,1,,,,,,,,,,,,,,,1,,,,,,,,,,,,,,,,,1,,1,,,
Indonesia,ID,IDN,Drought,,,1,,1,,1,1,,,,,,,,,,1,,,,,,1,,,,,,,,,,,,1,,,,,,
Indonesia,ID,IDN,Flood,1,3,3,3,3,3,4,5,2,2,2,2,1,2,6,5,5,,1,1,3,4,7,8,1,3,8,8,12,5,7,6,7,10,6,6,10,7,6,11,25,18
Indonesia,ID,IDN,Landslide,1,1,2,1,,,,,1,1,,1,1,,,,1,,,2,4,4,1,4,4,2,3,2,1,2,1,2,2,2,2,3,2,2,2,2,1,2
Indonesia,ID,IDN,Storm,1,,1,,,1,,,,,,,,,,,,,,,,,,,2,,,,,,,,2,,,,,1,,,,1
Indonesia,ID,IDN,TOTAL,3,4,7,4,4,4,5,6,3,3,2,4,2,2,7,5,6,2,2,4,8,8,9,13,7,6,12,10,13,7,8,8,11,12,8,11,12,10,8,14,26,21
Indonesia,ID,IDN,Wildfire,,,,,,,,,,,,1,,,1,,,1,1,1,1,,1,,,1,1,,,,,,,,,1,,,,1,,
"Iran, Islamic Rep. of",IR,IRN,Drought,,,,,,,,,,,,,,,,,,,,1,,,,,,,,,,,,,,,,,,,,,,1
"Iran, Islamic Rep. of",IR,IRN,Flood,2,1,,,,,2,6,1,1,1,4,2,3,3,3,3,2,3,4,3,4,3,1,2,4,1,1,2,,,,1,,1,5,,2,1,3,6,1
"Iran, Islamic Rep. of",IR,IRN,Landslide,,,,,,,,,,,1,,,,,,,,1,,,,,1,,,,,,,,,,,,,,,,,1,
"Iran, Islamic Rep. of",IR,IRN,Storm,,1,,,,,,,,,,1,1,1,,,1,,,,1,,,,1,1,,1,1,,,,,,,,1,,,,,2
"Iran, Islamic Rep. of",IR,IRN,TOTAL,2,2,,,,,2,6,1,1,2,5,3,4,3,3,4,2,4,5,4,4,4,2,3,5,1,2,3,,,,1,,1,5,1,2,1,3,7,4
"Iran, Islamic Rep. of",IR,IRN,Wildfire,,,,,,,,,,,,,,,,,,,,,,,1,,,,,,,,,,,,,,,,,,,
Iraq,IQ,IRQ,Drought,,,,,,,,,,,,,,,,,,,1,,,,,,,,,,,,,,,,,,,,,,,1
Iraq,IQ,IRQ,Flood,,,,,,,,,,,,,,,,,,,,,,,,,1,,2,,1,1,,1,1,1,,1,,,1,1,1,2
Iraq,IQ,IRQ,TOTAL,,,,,,,,,,,,,,,,,,,1,,,,,,1,,2,,1,1,,1,1,1,,1,,,1,1,1,3
Ireland,IE,IRL,Flood,,,,,,,,1,,,,,,1,,,,,,,,,1,,,,,,,1,,1,,,,,,1,,,,
Ireland,IE,IRL,Storm,,,,1,,,1,,,,4,1,,,,,1,,1,1,1,,,,1,1,,,,,,,,,1,1,,,1,,1,
Ireland,IE,IRL,TOTAL,,,,1,,,1,1,,,4,1,,1,,,1,,1,1,1,,1,,1,1,,,,1,,1,,,1,1,,1,1,,1,
Isle of Man,IM,IMN,Storm,,,,,,,,,,,,,,,,,,,,,,,,,,,,,,,,,,,,,,,,,1,
Isle of Man,IM,IMN,TOTAL,,,,,,,,,,,,,,,,,,,,,,,,,,,,,,,,,,,,,,,,,1,
Israel,IL,ISR,Drought,,,,,,,,,,,,,,,,,,,,1,,,,,,,,,,,,,,,,,,,,,,
Israel,IL,ISR,Extreme temperature,,,,,,,,,,,,,1,,,,,,,,1,,,,,,,,,,,,,,,,,,,,,
Israel,IL,ISR,Flood,,,,,,,,,,,,,,,,,,1,1,,,,,,,,,,,,1,,,,,,,,1,,1,
Israel,IL,ISR,Storm,,,,,,,,,,,,1,,,,,,,,,1,,,,,,,,,,,,,1,,1,,,,,,
Israel,IL,ISR,TOTAL,,,,1,,,,,,,,1,1,,,1,,1,1,1,2,,,,,,,,,,2,,,1,,1,1,,1,,2,
Israel,IL,ISR,Wildfire,,,,1,,,,,,,,,,,,1,,,,,,,,,,,,,,,1,,,,,,1,,,,1,
Italy,IT,ITA,Drought,,,,,,,,,,,,,,,,,,1,,,,,1,,,,,,,,,,1,,,,,1,,,,
Italy,IT,ITA,Extreme temperature,,,,,,,,,,,,,,,,,,,1,,,,,1,,1,,1,,1,1,1,1,,,,,,2,1,,
Italy,IT,ITA,Flood,,,,,,1,1,1,,,,,2,,1,,2,,,,4,2,3,2,,,,,3,1,1,2,1,1,4,3,1,1,1,1,3,1
Italy,IT,ITA,Landslide,,,1,1,,,,2,,,,,,,,,1,,1,1,,,,,,,1,,,,,1,,,,,,,,,1,
Italy,IT,ITA,Storm,,,,,,,,3,,,1,,,1,1,,,1,,,,1,,,1,,1,,,1,1,,,,1,1,,2,1,3,3,
Italy,IT,ITA,TOTAL,,,1,2,,1,1,6,,,3,,2,1,3,,3,2,2,2,4,3,4,3,1,1,2,2,3,4,3,4,3,1,5,4,1,4,4,5,7,2
Italy,IT,ITA,Wildfire,,,,1,,,,,,,2,,,,1,,,,,1,,,,,,,,1,,1,,,,,,,,,,,,1
Jamaica,JM,JAM,Drought,,1,,,,,,,,,,,,,,,,,,,1,,,,,,,,,,,,,,1,,,,,,,
Jamaica,JM,JAM,Flood,,,,,,,1,1,1,,,1,,1,,,,,,,,,1,,,,1,,,,,,,,,,,,,,,
Jamaica,JM,JAM,Storm,1,,,,,1,,,1,,,,,,1,,1,,,,,1,2,,2,3,,2,2,,1,,1,,,,1,1,,,,
Jamaica,JM,JAM,TOTAL,1,1,,,,1,1,1,2,,,1,,1,1,,1,,,,1,1,3,,2,3,1,2,2,,1,,1,,1,,1,1,,,,
Japan,JP,JPN,Extreme temperature,,,,,,,,,,,,,,,,,,,,,,,,,1,,,1,1,1,1,1,,1,1,3,2,,1,2,,
Japan,JP,JPN,Flood,1,,1,,,,1,,1,1,1,,,1,,1,,,1,2,1,1,,1,2,1,2,1,1,,1,1,1,1,,1,1,1,1,3,1,2
Japan,JP,JPN,Landslide,,1,,2,1,,2,,,1,,,,2,,,1,1,1,,,,,,,,,,,2,,,,,1,,,,,,,1
Japan,JP,JPN,Storm,1,4,4,2,,2,2,1,,2,2,5,2,3,3,1,1,2,5,1,3,4,5,2,8,3,3,3,,2,,3,6,7,9,6,4,3,3,4,3,1
Japan,JP,JPN,TOTAL,2,5,5,4,1,2,5,1,1,4,3,5,2,6,3,2,2,3,7,3,4,5,6,3,11,4,5,5,2,5,2,5,7,9,11,10,7,4,5,9,4,4
Japan,JP,JPN,Wildfire,,,,,,,,,,,,,,,,,,,,,,,1,,,,,,,,,,,,,,,,,,,
Jordan,JO,JOR,Drought,,,,,,,,,,,,,,,,,,,,1,1,,,,,,,,,,,,,,,,,,,,,
Jordan,JO,JOR,Extreme temperature,,,,,,,,,,,,,1,,,,,,,,1,,,,,,,,,,,,,,,,,,,,,
Jordan,JO,JOR,Flood,,,,,,,,1,,,,1,,,,,,1,,,,,,,,,,,,,,,,,,,,,2,,,
Jordan,JO,JOR,Storm,,,,,,,,,,,,1,,,,,,,,,1,,1,,,,,,,,,,,,,,,,,,,
Jordan,JO,JOR,TOTAL,,,,,,,,1,,,,2,1,,,,,1,,1,3,,1,,,,,,,,,,,,,,,,2,,,
"Kazakhstan, Rep. of",KZ,KAZ,Drought,,,,,,,,,,,,,,,,,,,,,,,,,,,,,,,,,,,,,,,,,,1
"Kazakhstan, Rep. of",KZ,KAZ,Extreme temperature,,,,,,,,,,,,,,,,,,1,,,,1,,,,,,,,,,,1,,,,,,,,,
"Kazakhstan, Rep. of",KZ,KAZ,Flood,,,,,,,,,,,,,,1,,,,,,,1,1,,,,1,,,1,,2,1,1,,1,1,,1,1,,1,
"Kazakhstan, Rep. of",KZ,KAZ,Landslide,,,,,,,,,,,,,,,,,,,,,,,,,1,,,,,,,,,,,,,,,,,
"Kazakhstan, Rep. of",KZ,KAZ,Storm,,,,,,,,,,,,,,,,1,,,,,,,,,,,,,,,,,,,,,,,,,,
"Kazakhstan, Rep. of",KZ,KAZ,TOTAL,,,,,,,,,,,,,,1,,1,,2,,,1,2,,,1,1,,,1,,2,1,2,,1,1,,1,1,,1,1
"Kazakhstan, Rep. of",KZ,KAZ,Wildfire,,,,,,,,,,,,,,,,,,1,,,,,,,,,,,,,,,,,,,,,,,,
Kenya,KE,KEN,Drought,,,,1,,,,,,,,1,,,1,,1,,,1,,,,,1,1,,,1,,1,1,,,1,,1,,,1,,1
Kenya,KE,KEN,Flood,,,1,,,,,,,,1,,,,,,1,1,1,,,1,4,2,2,3,4,3,6,2,2,3,1,4,,3,2,1,3,1,1,2
Kenya,KE,KEN,Landslide,,,,,,,,,,,,,,,,,,,,,,,1,,,,,1,1,,1,,,,,,,,,1,,
Kenya,KE,KEN,Storm,,,,,,,,,1,,,,,,,,,,,,,,,,,,,,,,,,,,,,,,,,,
Kenya,KE,KEN,TOTAL,,,1,1,,,,,1,,1,1,,,1,,2,1,1,1,,1,5,2,3,4,4,4,8,2,4,4,1,4,1,3,3,1,3,3,1,3
Kiribati,KI,KIR,Drought,,,,,,,,,,,,,,,,,,,,1,,,,,,,,,,,,,,,,,,,,,,
Kiribati,KI,KIR,Flood,,,,,,,,,,,,,,,,,,,,,,,,,,,,,1,,,,,,1,,,,,,,
Kiribati,KI,KIR,Storm,,,,,,,,,,,,,,,,,,,,,,,,,,,,,,,,,,,,1,,,,,,
Kiribati,KI,KIR,TOTAL,,,,,,,,,,,,,,,,,,,,1,,,,,,,,,1,,,,,,1,1,,,,,,
"Korea, Dem. People's Rep. of",KP,PRK,Drought,,,,,,,,,,,,,,,,,,,,,,,,,,,,,,,,,1,,,1,,1,,1,,
"Korea, Dem. People's Rep. of",KP,PRK,Extreme temperature,,,,,,,,,,,,,,,,,,,,,,,,,,,,,,,,,,,,,,,1,,,
"Korea, Dem. People's Rep. of",KP,PRK,Flood,,,,,,,,2,,,,,,,,2,1,1,1,1,,2,1,,2,1,2,1,,,2,2,1,1,,1,2,,1,,1,1
"Korea, Dem. People's Rep. of",KP,PRK,Storm,,,,,,,,,,,,,,1,,,,1,,,1,,1,,,,,1,,,1,1,1,,,,,,1,1,,
"Korea, Dem. People's Rep. of",KP,PRK,TOTAL,,,,,,,,2,,,,,,1,,2,1,2,1,1,1,2,2,,2,1,2,2,,,3,3,3,1,,2,2,1,3,2,1,1
"Korea, Rep. of",KR,KOR,Drought,,,,,,,,,,,,,,,,,,,,,,1,,,,,,,,,,,,,,,,,,,,
"Korea, Rep. of",KR,KOR,Extreme temperature,,,,,,,,,,,1,,,,,,,,,,,,,,,,,,,,,,,,,,1,,1,,,
"Korea, Rep. of",KR,KOR,Flood,,,,,1,,,1,,,1,1,1,,,,1,2,1,1,2,2,1,,2,1,1,1,1,,,2,,,1,,,,,,2,
"Korea, Rep. of",KR,KOR,Landslide,,1,,,1,,,,1,,,,,1,,,1,,,,,,,,,,,,,,,1,,,,,,,,,,
"Korea, Rep. of",KR,KOR,Storm,2,1,2,,,1,1,2,,1,1,1,1,1,1,2,,,3,1,2,1,3,1,4,3,,1,,,1,,3,,2,,1,,,3,3,1
"Korea, Rep. of",KR,KOR,TOTAL,2,2,2,,2,1,1,3,1,1,3,2,2,2,1,2,2,2,4,2,5,4,4,1,7,5,1,2,1,,1,3,3,,3,,2,,1,4,5,1
"Korea, Rep. of",KR,KOR,Wildfire,,,,,,,,,,,,,,,,,,,,,1,,,,1,1,,,,,,,,,,,,,,1,,
Kuwait,KW,KWT,Flood,,,,,,,,,,,,,,,,,,1,,,,,,,,,,,,,,,,,,,,,1,,,
Kuwait,KW,KWT,TOTAL,,,,,,,,,,,,,,,,,,1,,,,,,,,,,,,,,,,,,,,,1,,,
Kyrgyz Rep.,KG,KGZ,Drought,,,,,,,,,,,,,,,,,,,,,,,,,,,,,,1,,,,,,,,,,,,
Kyrgyz Rep.,KG,KGZ,Extreme temperature,,,,,,,,,,,,,,,,,,,,,1,,,,,,,,,,,,1,,,,,,,,,
Kyrgyz Rep.,KG,KGZ,Flood,,,,,,,,,,,,,,,,,,,1,,,,,,,1,,1,,,,,1,,,,,,,,,
Kyrgyz Rep.,KG,KGZ,Landslide,,,,,,,,,,,,,,,2,,,,,,,,1,1,3,,,,,,1,,,,,,,1,,,,1
Kyrgyz Rep.,KG,KGZ,Storm,,,,,,,,,,,,,,,,,,,,,,,,,,,1,,,,,,,,1,,,,,,,
Kyrgyz Rep.,KG,KGZ,TOTAL,,,,,,,,,,,,,,,2,,,,1,,1,,1,1,3,1,1,1,,1,1,,2,,1,,,1,,,,1
Lao People's Dem. Rep.,LA,LAO,Drought,,,,,,,,1,1,,,1,,,,,,,,1,,,,,,,,,,,,,,,,,,,,1,,
Lao People's Dem. Rep.,LA,LAO,Flood,,1,,,1,,,,,,,1,1,,1,2,1,,,,1,1,1,,,,,,1,1,,2,,2,1,2,1,,1,1,,
Lao People's Dem. Rep.,LA,LAO,Storm,,,,,,,,,,,,1,1,1,,1,,,,,,,,,,,,,,1,,,,,,,,1,2,,2,1
Lao People's Dem. Rep.,LA,LAO,TOTAL,,1,,,1,,,1,1,,,3,2,1,1,3,1,,,1,1,1,1,,,,,,1,2,,2,,2,1,2,1,1,3,2,2,1
Latvia,LV,LVA,Extreme temperature,,,,,,,,,,,,,,,,,,,,,,1,,1,,1,,,,,,,1,,,,,,,,,
Latvia,LV,LVA,Storm,,,,,,,,,,,,,,,,,,,,1,,,,,,2,,,,,,,,,,,,,,,,
Latvia,LV,LVA,TOTAL,,,,,,,,,,,,,,,,,,,,1,,1,,1,,3,,,,,,,1,,,,,,1,,,
Latvia,LV,LVA,Wildfire,,,,,,,,,,,,,,,,,,,,,,,,,,,,,,,,,,,,,,,1,,,
Lebanon,LB,LBN,Flood,,,,,,,,1,,,,,,,,,,,,,,,,1,,,,,,,,,,,,,,,,,,
Lebanon,LB,LBN,Storm,,,,,,,,,,,,,1,,,,,,,,,,1,,,,,,,,,,,,,3,,,1,1,,
Lebanon,LB,LBN,TOTAL,,,,,,,,1,,,,,1,,,,,,,,,,1,1,,,,1,,,,,,,,3,,,1,1,1,
Lebanon,LB,LBN,Wildfire,,,,,,,,,,,,,,,,,,,,,,,,,,,,1,,,,,,,,,,,,,1,
"Lesotho, Kingdom of",LS,LSO,Drought,,,,1,,,,,,,1,,,,,,,,,,,,1,,,,,1,,,,1,,,,,1,,,1,1,
"Lesotho, Kingdom of",LS,LSO,Flood,,,,,,1,,1,,,1,,,,,,,,,,,,,,,,,,,,,2,,,,,,,,,,
"Lesotho, Kingdom of",LS,LSO,Storm,,,,,,,,,,1,,,,,,,2,,,,,2,,,,,,,1,,,,,,1,,,,,,,1
"Lesotho, Kingdom of",LS,LSO,TOTAL,,,,1,,1,,1,,1,2,,,,,,2,,,,,2,1,,,,,1,1,,,3,,,1,,1,,,1,1,1
Liberia,LR,LBR,Drought,1,,,,,,,,,,,,,,,,,,,,,,,,,,,,,,,,,,,,,,,,,
Liberia,LR,LBR,Extreme temperature,,,,,,,,,,,1,,,,,,,,,,,,,,,,,,,,,,,,,,,,,,,
Liberia,LR,LBR,Flood,,,,,,,,,,,,,,,,,,,1,,,,,,,,,1,1,1,1,,,,,,1,,,,,
Liberia,LR,LBR,Storm,,,,,,,,,,,,,,,,1,,,,,,,,,,,,1,,,,,,,,,,,,,,
Liberia,LR,LBR,TOTAL,1,,,,,,,,,,1,,,,,1,,,1,,,,,,,,,2,1,1,1,,,,,,1,,,,,
Libya,LY,LBY,Flood,,,,,,,,,,,,,,,,1,,,,,,,,,,,,,,,,,,1,,,,,,1,,
Libya,LY,LBY,TOTAL,,,,,,,,,,,,,,,,1,,,,,,,,,,,,,,,,,,1,,,,,,1,,
Lithuania,LT,LTU,Drought,,,,,,,,,,,,,1,,,,,,,,,,,,,,1,,,,,,,,,,,,1,,,
Lithuania,LT,LTU,Extreme temperature,,,,,,,,,,,,,,,,,,,,1,,1,,,,,,,,,1,,2,,,,,,1,,,
Lithuania,LT,LTU,Flood,,,,,,,,,,,,,,,,,,,,,,,,,,1,,,,,1,,,,,,,,,,,
Lithuania,LT,LTU,Storm,,,,,,,,,,,,,,1,,,,,,1,,,,,,1,,,,,,,,,,,,,,,,
Lithuania,LT,LTU,TOTAL,,,,,,,,,,,,,1,1,,,,,,2,,1,,,,2,1,,,,2,,2,,,,,,2,,,
Luxembourg,LU,LUX,Extreme temperature,,,,,,,,,,,,,,,,,,,,,,,,1,,,,,,,,,,,,,,,,,,
Luxembourg,LU,LUX,Flood,,,,1,,,,,,,,,,1,,,,,,,,,,,,,,,,,,,,,,,,,,,,1
Luxembourg,LU,LUX,Storm,,,,,,,,,,,6,,,,,1,,,,,,,,,,,,,,,1,,,,,,,,,1,,
Luxembourg,LU,LUX,TOTAL,,,,1,,,,,,,6,,,1,,1,,,,,,,,1,,,,,,,1,,,,,,,,,1,,1
"Madagascar, Rep. of",MG,MDG,Drought,,1,,,,,,,1,,,,,,,,,,,,1,,1,,,1,,,1,,,,,,1,,1,1,,,1,
"Madagascar, Rep. of",MG,MDG,Flood,,,,,,,1,,,,,,,,,,,,1,,,,,1,,2,,1,,,,,,,,1,,,,1,1,1
"Madagascar, Rep. of",MG,MDG,Storm,,1,1,1,1,,1,,,1,,1,,,3,,1,2,,,2,,3,3,2,1,2,3,3,3,1,1,3,2,1,2,,1,2,2,1,1
"Madagascar, Rep. of",MG,MDG,TOTAL,,2,1,1,1,,2,,1,1,,1,,,3,,1,2,1,,3,,4,4,2,4,2,4,4,3,1,1,3,2,2,3,1,2,2,3,3,2
Malawi,MW,MWI,Drought,,,,,,,,1,,,1,,1,,,,,,,,,,1,,,1,,1,,,,,1,,,1,,,,,,
Malawi,MW,MWI,Flood,,,1,,,,,,,1,,1,,,,2,,1,1,1,1,2,2,2,,1,2,4,1,,1,3,2,1,,1,1,1,3,2,1,
Malawi,MW,MWI,Landslide,,,,,,,,,,,,,,,,,,,,,,,,,,,,,,,,,,,,,,,,1,,
Malawi,MW,MWI,Storm,,,,,,,,,,,,,,,,,,,,,,,,,,1,,,,,,,1,,,1,,,,,,1
Malawi,MW,MWI,TOTAL,,,1,,,,,1,,1,1,1,1,,,2,,1,1,1,1,2,3,2,,3,2,5,1,,1,3,4,1,,3,1,1,3,3,1,1
Malaysia,MY,MYS,Drought,,,,,,,,,,,,,,,,,,,1,,,,,,,,,,,,,,,,1,,,,,,,
Malaysia,MY,MYS,Flood,,,,1,,,1,1,1,,,,,1,,,1,,1,1,1,4,,3,3,2,4,2,2,2,,1,,1,1,1,4,3,2,4,5,8
Malaysia,MY,MYS,Landslide,,,,,,,,,,,,,,,,1,1,,,,,,1,,,,,,,,,1,,,,,,,,,,
Malaysia,MY,MYS,Storm,,,,,,,,,,,,,,,,,1,1,,,1,,1,,2,,,,,,,,,,,,,1,,,,
Malaysia,MY,MYS,TOTAL,,,,1,,,1,1,1,,,,,1,,2,3,2,3,1,2,4,2,3,5,3,4,2,2,2,,2,,1,2,1,4,4,2,4,5,8
Malaysia,MY,MYS,Wildfire,,,,,,,,,,,,,,,,1,,1,1,,,,,,,1,,,,,,,,,,,,,,,,
Maldives,MV,MDV,Flood,,,,,,,,1,,,,,,,,,,,,,,,,,,,,1,,,,,,,,,,,,1,,
Maldives,MV,MDV,Storm,,,,,,,,,,,,1,,,,,,,,,,,,,,,,,,,,,,,,,,,,,,1
Maldives,MV,MDV,TOTAL,,,,,,,,1,,,,1,,,,,,,,,,,,,,,,1,,,,,,,,,,,,1,,1
Mali,ML,MLI,Drought,1,,,,,,,,,,,1,,,,,,,,,,1,,,,1,1,,,,1,1,,,,,,,,,1,
Mali,ML,MLI,Flood,,,,,,,,,1,1,,,,,,,,,2,1,1,1,1,1,,2,1,2,1,1,2,1,,2,,1,1,,1,2,,
Mali,ML,MLI,TOTAL,1,,,,,,,,1,1,,1,,,,,,,2,1,1,2,1,1,,3,2,2,1,1,3,2,,2,,1,1,,1,2,1,
"Marshall Islands, Rep. of the",MH,MHL,Drought,,,,,,,,,,,,,,,,,,,,,,,,,,,,,,,,,,1,,1,,,,,,
"Marshall Islands, Rep. of the",MH,MHL,Flood,,,,,,,,,,,,,,,,,,,,,,,,,,,,,1,,,,,,1,,,,,,,
"Marshall Islands, Rep. of the",MH,MHL,Storm,,,,,,,,,,,,1,,,,,,,,,,,,,,,,,,,,,,,,,,,1,,,
"Marshall Islands, Rep. of the",MH,MHL,TOTAL,,,,,,,,,,,,1,,,,,,,,,,,,,,,,,1,,,,,1,1,1,,,1,,,
"Mauritania, Islamic Rep. of",MR,MRT,Drought,1,,,,,,,,,,,,,1,,,,1,,,,1,,,,,,,,,1,1,,,,,,1,1,,1,
"Mauritania, Islamic Rep. of",MR,MRT,Flood,,,,,1,1,,,,,,,,,,1,,,,2,,1,1,1,,1,2,2,,1,1,,,1,,,,,,1,2,
"Mauritania, Islamic Rep. of",MR,MRT,Storm,,,,,,,,,,,,1,,,,,,,,1,,,,,,,,,,,,,,,,,,1,,,,
"Mauritania, Islamic Rep. of",MR,MRT,TOTAL,1,,,,1,1,,,,,,1,,1,,1,,1,,3,,2,1,1,,1,2,2,,1,2,1,,1,,,,2,1,1,3,
Mauritius,MU,MUS,Drought,,,,,,,,,,,,,,,,,,,,1,,,,,,,,,,,,,,,,,,,,,,
Mauritius,MU,MUS,Flood,,,,,,,,,,,,,,,,,,,,,,,,,,,,,,,,,,1,,,,,,,,
Mauritius,MU,MUS,Storm,,,2,1,1,1,,,,1,,1,,,1,,1,,,1,,,1,,,,,1,,,,,,,,,,,1,,,
Mauritius,MU,MUS,TOTAL,,,2,1,1,1,,,,1,,1,,,1,,1,,,2,,,1,,,,,1,,,,,,1,,,,,1,,,
Mexico,MX,MEX,Drought,,,,,,,,,1,,,,,,,1,1,,,1,,,1,,,,,,,,,1,,,,,,,,,,
Mexico,MX,MEX,Extreme temperature,,,,,,,,,1,,1,,2,,,1,,2,1,1,1,,1,1,1,,1,,,,,1,,,,,,,,,,
Mexico,MX,MEX,Flood,2,,2,,1,,1,2,,1,1,2,,2,,,1,,2,4,3,1,2,3,2,3,1,2,1,5,2,3,,1,,1,5,1,1,3,2,3
Mexico,MX,MEX,Landslide,,,,1,,,,,,,,,,,,,,1,1,,,,,1,,,2,1,1,,2,,,,,,,,,,,
Mexico,MX,MEX,Storm,,1,1,2,1,,,,3,,1,1,1,5,,5,4,3,4,1,2,5,3,2,,4,3,4,1,2,4,5,2,4,6,3,2,4,2,3,5,7
Mexico,MX,MEX,TOTAL,2,1,3,3,2,,1,2,5,2,3,3,3,7,,7,6,6,9,7,6,6,7,8,3,7,7,7,3,7,8,11,2,5,6,4,7,5,3,6,7,10
Mexico,MX,MEX,Wildfire,,,,,,,,,,1,,,,,,,,,1,,,,,1,,,,,,,,1,,,,,,,,,,
"Micronesia, Federated States of",FM,FSM,Drought,,,,,,,,,,,,,,,,,,,1,,,,,,,,,,,,,,,,,,1,,,,,
"Micronesia, Federated States of",FM,FSM,Flood,,,,,,,,,,,,,,,,,,,,,,,,,,,,,1,,,,,,,,,,,,,
"Micronesia, Federated States of",FM,FSM,Storm,,,,,,,,1,,,,,,,,,,,,,,,2,1,1,,,,,,,,,,,1,,,,1,,
"Micronesia, Federated States of",FM,FSM,TOTAL,,,,,,,,1,,,,,,,,,,,1,,,,2,1,1,,,,1,,,,,,,1,1,,,1,,
"Moldova, Rep. of",MD,MDA,Drought,,,,,,,,,,,,,,,,,,,,,1,,,,,,,1,,,,,1,,,,,,,,,
"Moldova, Rep. of",MD,MDA,Extreme temperature,,,,,,,,,,,,,,,,,,,,,,,,,,1,,,,,,,1,,,,,,,1,,
"Moldova, Rep. of",MD,MDA,Flood,,,,,,,,,,,,,,,1,,,1,,1,,,1,,,1,,,1,,1,,,,,,,,,,,
"Moldova, Rep. of",MD,MDA,Storm,,,,,,,,,,,,,,,1,,,,,,1,,,,,,,,,,,,,,,,,,,,,
"Moldova, Rep. of",MD,MDA,TOTAL,,,,,,,,,,,,,,,2,,,1,,1,2,,1,,,2,,1,1,,1,,2,,,,,,,1,,
Mongolia,MN,MNG,Drought,,,,,,,,,,,,,,,,,,,,,1,,,,,,,,,,,,,,,,,,,,,
Mongolia,MN,MNG,Extreme temperature,,,,,,,,,,,,,,,,,,,,,,,,,,,,,,1,,,,,,1,1,,1,1,,
Mongolia,MN,MNG,Flood,,,1,,,,,,,,,,,,1,,1,,,,,,,1,,,,,,1,,,,,,,,,1,1,3,1
Mongolia,MN,MNG,Landslide,,,,,,,,,,,,,,,,,,,,,,,,,,,,,,,,,,,,,,1,,,,
Mongolia,MN,MNG,Storm,,,,,,,,,,,1,1,,1,,,,,,,2,1,2,,,,,,1,,,,,,,,,,1,1,1,1
Mongolia,MN,MNG,TOTAL,,,1,,,,1,,,,2,1,,1,1,,2,,,,3,1,2,1,,,,,1,2,,,,,,1,1,1,3,3,4,2
Mongolia,MN,MNG,Wildfire,,,,,,,1,,,,1,,,,,,1,,,,,,,,,,,,,,,,,,,,,,,,,
Montenegro,ME,MNE,Extreme temperature,,,,,,,,,,,,,,,,,,,,,,,,,,,,,,,,,1,,,,,,,,,
Montenegro,ME,MNE,Flood,,,,,,,,,,,,,,,,,,,,,,,,,,,,1,,1,2,,,,,,,,,,,
Montenegro,ME,MNE,TOTAL,,,,,,,,,,,,,,,,,,,,,,,,,,,,1,,1,2,,1,,,,,1,,,,
Montenegro,ME,MNE,Wildfire,,,,,,,,,,,,,,,,,,,,,,,,,,,,,,,,,,,,,,1,,,,
Montserrat,MS,MSR,Storm,,,,,,,,,,1,1,,,,,1,,,,,,,,,,,,,,,,,,,,,,,,,,
Montserrat,MS,MSR,TOTAL,,,,,,,,,,1,1,,,,,1,,,,,,,,,,,,,,,,,,,,,,,,,,
Morocco,MA,MAR,Drought,,,,1,1,,,,,,,,,,,,,,,1,,,,,,,,,,,,,,,,,,,,,,
Morocco,MA,MAR,Extreme temperature,,,,,,,,,,,,,,,,,,,,,1,,,,,,,,,,,,1,,,,1,2,1,,,
Morocco,MA,MAR,Flood,,,,,,,,,,,,,,,,3,1,1,,,2,1,1,1,,,3,,2,2,2,,,,1,,,,,2,,2
Morocco,MA,MAR,Landslide,,,1,,,,,,,,,,,,,,,,,,,,,,,,,,,,,,,,,,,,,1,,
Morocco,MA,MAR,Storm,,,,,,,,,,,,,,,,,1,,,,,,,,,1,,,,,,,,,2,,,,,,,
Morocco,MA,MAR,TOTAL,,,1,1,1,,,,,,,,,,,3,2,1,,1,3,1,1,1,,1,3,,2,2,2,,1,,3,,1,2,1,3,,2
"Mozambique, Rep. of",MZ,MOZ,Drought,,1,,,,,,1,,,1,,,,,,,,1,,,2,,1,,1,,1,1,,1,,,,,,1,,,,1,
"Mozambique, Rep. of",MZ,MOZ,Flood,,1,,,,1,,,,1,,,,,,,,1,,1,1,2,1,3,,2,,4,1,1,1,2,,1,2,1,2,,1,3,2,1
"Mozambique, Rep. of",MZ,MOZ,Landslide,,,,,,,,,,,,,,,,,,,1,,,,,,,,,,,,,,,,,,,,1,,,
"Mozambique, Rep. of",MZ,MOZ,Storm,,,,,1,1,,,1,,,,,,1,,1,1,,,4,,1,1,,,,1,1,1,,1,3,,,,1,1,,2,,1
"Mozambique, Rep. of",MZ,MOZ,TOTAL,,2,,,1,2,,1,1,1,1,,,,1,,1,2,2,1,5,4,2,5,,3,,6,4,2,2,3,3,1,2,1,4,1,2,5,3,2
"Mozambique, Rep. of",MZ,MOZ,Wildfire,,,,,,,,,,,,,,,,,,,,,,,,,,,,,1,,,,,,,,,,,,,
Myanmar,MM,MMR,Flood,,,,,,,,,,,,1,1,,,1,,1,,1,,1,1,,,,1,4,,,,1,1,1,2,3,2,1,3,2,1,1
Myanmar,MM,MMR,Landslide,,,,,,,,,,,,,,,,,,,,,,,,,,1,,,,1,1,,,1,,2,1,,1,1,1,
Myanmar,MM,MMR,Storm,,,1,,,,,,,,,,,,1,,,,,,,,,,1,,1,,1,,1,,,,,1,2,1,,,,
Myanmar,MM,MMR,TOTAL,,1,1,,,,,,,,,1,1,,1,1,,1,,1,,1,1,,1,1,2,4,1,1,2,1,1,2,2,6,5,2,4,3,2,1
Myanmar,MM,MMR,Wildfire,,1,,,,,,,,,,,,,,,,,,,,,,,,,,,,,,,,,,,,,,,,
Namibia,,NAM,Drought,,1,,,,,,,,,1,,,,,1,,,1,,,1,1,,,,,,,,,,,1,,1,,,1,,,
Namibia,,NAM,Flood,,,,,,,,,,,,,,,,,,,,,1,,,1,2,,2,1,1,1,1,1,1,1,,,,1,,,1,1
Namibia,,NAM,TOTAL,,1,,,,,,,,,1,,,,,1,,,1,,1,1,1,1,2,,2,1,1,1,1,1,1,2,,1,,1,1,,1,1
Nepal,NP,NPL,Drought,,,,,,,,,,,,,,,,,,,,,,,,,,,1,,,1,,,,,,,,,,,,
Nepal,NP,NPL,Extreme temperature,,,,,,,,1,,,,,,,,,,,,,,,1,1,,,,,,1,,2,1,,,,,,1,,,
Nepal,NP,NPL,Flood,,2,1,1,1,1,2,1,1,,1,1,,1,,1,2,,2,1,1,,,1,1,2,1,1,2,2,2,2,1,2,3,,2,2,1,1,1,4
Nepal,NP,NPL,Landslide,,,,1,,,,,1,1,,,,1,,2,,1,,,,1,1,,,1,2,,,1,,2,1,,2,2,,1,,,,
Nepal,NP,NPL,Storm,,,,,,,2,1,1,,,1,,,,,1,,,,,,,,,,,,,,,,,,1,,,,,1,,
Nepal,NP,NPL,TOTAL,,2,1,2,1,1,4,3,3,1,1,2,1,2,,3,3,1,2,2,1,1,2,2,1,3,4,1,2,5,2,6,3,2,6,2,3,3,2,2,1,4
Nepal,NP,NPL,Wildfire,,,,,,,,,,,,,1,,,,,,,1,,,,,,,,,,,,,,,,,1,,,,,
Netherlands Antilles,AN,ANT,Storm,,,,,,,,,,1,,,,,,1,,,,,,,,,,,,,,,,,,,,,,,,,,
Netherlands Antilles,AN,ANT,TOTAL,,,,,,,,,,1,,,,,,1,,,,,,,,,,,,,,,,,,,,,,,,,,
"Netherlands, The",NL,NLD,Extreme temperature,,,,,,,,,,,,,,,,,,,,,,,,1,,2,1,,,,,,1,,,,,,1,1,1,
"Netherlands, The",NL,NLD,Flood,,,,,,,,,,,,,1,1,,,,,1,,,,,,,,,,,,,,,,,,,,,,,1
"Netherlands, The",NL,NLD,Storm,,,,,1,1,1,,,,6,,,,1,1,,1,1,,,,1,,,1,,1,1,,1,,,3,,,1,,1,,,1
"Netherlands, The",NL,NLD,TOTAL,,,,,1,1,1,,,,6,,1,1,1,1,,1,2,,,,1,1,,3,1,1,1,,1,,1,3,,,1,,2,1,1,2
New Caledonia,NC,NCL,Storm,,3,,,,,,,,1,,,,,,,,,,1,,,,1,,,,,,,,,,,,,,,,,,1
New Caledonia,NC,NCL,TOTAL,,3,,,,,,,,1,,,,,,,,,,1,,,,1,,,,,,,,,,,,,,,,,,1
New Zealand,NZ,NZL,Drought,,,,,,,,,,,,,1,,,,,,,,,,,,,,,,,,,,,1,,,,,,,,
New Zealand,NZ,NZL,Extreme temperature,,,,,,,,,,,,,,,,,,,,,,1,,,,,,,,,,,,,,,,,,,,
New Zealand,NZ,NZL,Flood,2,1,,1,1,2,3,1,3,1,,3,,,1,,,1,1,1,1,,1,,2,1,1,,,,,,,,,2,1,1,1,,2,3
New Zealand,NZ,NZL,Storm,,,,,,,,,1,,,,2,,,,1,1,,,1,,,1,,1,,1,,,,,1,1,,,,1,,,,1
New Zealand,NZ,NZL,TOTAL,2,1,,1,1,2,3,2,4,1,,3,3,,1,,1,2,1,1,2,1,1,1,2,2,1,1,,,,,1,2,,2,1,2,1,,3,4
New Zealand,NZ,NZL,Wildfire,,,,,,,,1,,,,,,,,,,,,,,,,,,,,,,,,,,,,,,,,,1,
Nicaragua,NI,NIC,Drought,,,,,,,,,,,,,,,1,,,1,,,1,1,,,,,,,,,,,,,1,,,,1,,,
Nicaragua,NI,NIC,Flood,1,,,,,,,,,,1,,,,,,,,,1,1,,1,,,,,1,2,2,2,1,1,1,1,1,,1,1,,,
Nicaragua,NI,NIC,Landslide,,,,,,,,,,,,,,,,,,,,,,,,,1,,,,,,,,,,,,,,,,,
Nicaragua,NI,NIC,Storm,,,1,,,,,,1,,,,,1,,1,2,,1,,2,1,1,,1,2,,1,1,1,2,,,,,,1,1,,,2,
Nicaragua,NI,NIC,TOTAL,1,,1,,,,,,1,,1,1,,1,1,1,2,1,1,2,4,2,3,,2,2,,2,3,3,4,1,1,1,2,1,1,2,2,,2,
Nicaragua,NI,NIC,Wildfire,,,,,,,,,,,,1,,,,,,,,1,,,1,,,,,,,,,,,,,,,,,,,
Niger,NE,NER,Drought,1,,,,,,,,1,,1,,,,,,,1,,,,1,,,,1,,,,1,,1,,,,1,,1,,,1,
Niger,NE,NER,Flood,,,,,,,,,1,,,,,,1,,,,1,2,1,1,,1,,,1,1,1,1,2,2,1,2,1,1,2,2,1,2,2,1
Niger,NE,NER,Storm,,,,,,,,,,,,,,,,,,,,,,,1,,,,,,,,,,,,,,,,,,,
Niger,NE,NER,TOTAL,1,,,,,,,,2,,1,,,,1,,,1,1,2,1,2,1,1,,1,1,1,1,2,2,3,1,2,1,2,2,3,1,2,3,1
Nigeria,NG,NGA,Drought,,1,,,,,,,,,,,,,,,,,,,,,,,,,,,,,,,,,,,,,,,,
Nigeria,NG,NGA,Extreme temperature,,,,,,,,,,,,,1,,,,,,,,,,1,,,,,,,,,,,,,,,,,,,
Nigeria,NG,NGA,Flood,,,,,,1,,,1,,,,,,1,,,,2,3,6,3,1,1,5,2,3,3,,2,1,4,1,1,1,1,1,2,2,3,3,2
Nigeria,NG,NGA,Landslide,,,,,,,,,1,,,,,,,,,,,,2,,,,,,,,,,,,,,,,,,,,,
Nigeria,NG,NGA,Storm,,,,,,,,,,,,,,,,,,,,1,1,,,,,,,,,,,1,1,,,,1,,,,,
Nigeria,NG,NGA,TOTAL,,1,,,,1,,,2,,,,1,,1,,,,2,4,9,3,2,1,5,2,3,3,,2,1,5,2,1,1,1,2,2,2,3,3,2
"North Macedonia, Republic of ",MK,MKD,Drought,,,,,,,,,,,,,,1,,,,,,,,,,,,,,,,,,,,,,,,,,,,
"North Macedonia, Republic of ",MK,MKD,Extreme temperature,,,,,,,,,,,,,,,,,,,,,,1,,,1,,,1,,,,,1,,1,,,1,,,,
"North Macedonia, Republic of ",MK,MKD,Flood,,,,,,,,,,,,,,,,1,,,,,,,1,2,1,1,1,,,,,,,1,,2,1,,,,,
"North Macedonia, Republic of ",MK,MKD,Storm,,,,,,,,,,,,,,,,,,,,,,,,,,1,,,,,,,,,,,,,,,,
"North Macedonia, Republic of ",MK,MKD,TOTAL,,,,,,,,,,,,,,1,,1,,,,,1,1,1,2,2,2,1,2,,,,,1,1,1,2,1,1,,,,1
"North Macedonia, Republic of ",MK,MKD,Wildfire,,,,,,,,,,,,,,,,,,,,,1,,,,,,,1,,,,,,,,,,,,,,1
Northern Mariana Islands,MP,MNP,Storm,,,,,,,,,,,,,,,,,,,,,,,1,,1,,,,,,,,,,,1,,,1,,,
Northern Mariana Islands,MP,MNP,TOTAL,,,,,,,,,,,,,,,,,,,,,,,1,,1,,,,,,,,,,,1,,,1,,,
Norway,NO,NOR,Flood,,,,,,,,,,,,,,,,1,,,,,1,1,,,,,,,,,,,,,,,,,,,,
Norway,NO,NOR,Landslide,,,,,,,,,,,,,,,,,,,,,,,,,,,,,,,,,,,,,,,,1,1,
Norway,NO,NOR,Storm,,,,,,,,,,,2,,1,1,,,,,,,,,,,,1,,,1,,,1,,,,,,,,,,
Norway,NO,NOR,TOTAL,,,,,,,,,,,2,,1,1,,1,,,,,1,1,,,,1,,,1,,,1,,,,,,,,1,1,
Oman,OM,OMN,Flood,,,,,,,,,,,,,,,,,,,,,,,,,,,,,,,,,,,,,1,1,,1,1,
Oman,OM,OMN,Storm,,1,,,,,,,,,,,,,,,,,,,,,1,1,,,,1,,,1,1,,,,1,,,2,,,2
Oman,OM,OMN,TOTAL,,1,,,,,,,,,,,,,,,,,,,,,1,1,,,,1,,,1,1,,,,1,1,1,2,1,1,2
Pakistan,PK,PAK,Drought,,,,,,,,,,,,,,,,,,,,1,,,,,,,,,,,,,,,,,,,,1,,
Pakistan,PK,PAK,Extreme temperature,,,,,,,,,,,1,1,,,,,1,1,,1,1,1,2,1,,1,1,,,,,,,,1,1,,,1,,,
Pakistan,PK,PAK,Flood,1,1,1,1,1,,,,1,1,,1,2,1,1,3,1,2,1,2,,1,3,3,2,5,7,6,3,3,4,1,3,2,1,6,7,2,1,8,4,4
Pakistan,PK,PAK,Landslide,,,,2,,,,,,,,1,1,2,,,1,,1,,,2,,1,,1,1,3,,,2,,2,,,,,1,,,1,
Pakistan,PK,PAK,Storm,1,1,,,,,1,,1,,,,,1,2,,,2,1,2,,1,1,1,,1,,1,,,1,,,,1,,1,2,,1,1,2
Pakistan,PK,PAK,TOTAL,2,2,1,3,1,,1,,2,1,1,3,3,4,3,3,3,5,3,6,1,5,6,6,2,8,9,10,3,3,7,1,5,2,3,7,8,5,2,10,6,6
"Palau, Rep. of",PW,PLW,Drought,,,,,,,,,,,,,,,,,,,,,,,,,,,,,,,,,,,,1,,,,,,
"Palau, Rep. of",PW,PLW,Storm,,,,,,,,,,,,,,,,,,,,,,,,,,,,,,,,,1,1,,,,,,,,1
"Palau, Rep. of",PW,PLW,TOTAL,,,,,,,,,,,,,,,,,,,,,,,,,,,,,,,,,1,1,,1,,,,,,1
Panama,PA,PAN,Drought,,,,1,,,,,,,,,,,,,,,,,,,,,,,,,,,,,,1,,1,,,1,,,
Panama,PA,PAN,Flood,,,,,1,,1,,,,,1,,,,1,,,,2,1,1,2,1,3,1,2,1,2,1,4,2,2,,1,1,,,,,1,2
Panama,PA,PAN,Storm,,,,,,,,,1,,,,1,,,,,,1,,,,,,,,,,,,,,,,,,1,1,,,2,
Panama,PA,PAN,TOTAL,,,,1,1,,1,,1,,,1,1,,,1,,,1,2,1,1,2,1,3,1,3,1,2,1,4,2,2,1,1,2,1,1,1,,3,2
Panama,PA,PAN,Wildfire,,,,,,,,,,,,,,,,,,,,,,,,,,,1,,,,,,,,,,,,,,,
Papua New Guinea,PG,PNG,Drought,1,,,,,,,,,,,,,,,,,1,,,,,,,,,,,,,,,,,,1,,,,,,
Papua New Guinea,PG,PNG,Flood,,,,2,,,,,,,,,1,1,,,,,,1,,,,,1,1,2,,2,,,,1,1,1,1,1,,,1,3,
Papua New Guinea,PG,PNG,Landslide,,,,,,,,,,,,1,,,,,1,,,,,,1,2,,,2,,,1,,,1,,,,,,,1,2,
Papua New Guinea,PG,PNG,Storm,,,,,,,,,,,,,,1,,,,1,,,,,,,,,,1,,,,1,,,1,1,,,,,,
Papua New Guinea,PG,PNG,TOTAL,1,,,2,,,,,,,,1,1,2,,,1,3,,1,,,1,2,1,1,4,1,2,1,,1,2,1,2,3,1,,,2,5,
Papua New Guinea,PG,PNG,Wildfire,,,,,,,,,,,,,,,,,,1,,,,,,,,,,,,,,,,,,,,,,,,
Paraguay,PY,PRY,Drought,,,,1,,,,,,,,,,,,,,,,1,,,,,,1,,,1,1,,,1,1,,,1,,,,,
Paraguay,PY,PRY,Extreme temperature,,,,,,,,,,,,,,,,,,,,,1,,,,1,,,,,,1,,,,,,,,,,,
Paraguay,PY,PRY,Flood,,,1,1,,,,,1,,1,,1,,,2,,1,1,,,,1,,,,,,,1,,,1,1,2,2,,,2,3,,2
Paraguay,PY,PRY,Storm,,,,,,,,,,,,,,,,,,1,,,,,1,,,,,,1,1,,1,1,1,,1,,,,,,
Paraguay,PY,PRY,TOTAL,,,1,2,,,,,1,,1,,1,,,2,,2,1,1,1,,2,,1,1,,1,2,3,1,1,3,3,2,3,1,,2,4,,2
Paraguay,PY,PRY,Wildfire,,,,,,,,,,,,,,,,,,,,,,,,,,,,1,,,,,,,,,,,,1,,
Peru,PE,PER,Drought,,,,1,,,,,,,1,,1,,,,,,,,,,1,,1,,1,,,,,,,,,,,,,,,
Peru,PE,PER,Extreme temperature,,,,1,,,,,,,,1,,,,,,,,,,,,1,1,,,1,,1,1,1,1,1,1,1,,,,,,
Peru,PE,PER,Flood,1,1,2,,,,1,2,1,1,3,,1,1,2,,,,,2,1,3,3,2,1,,1,1,1,1,1,3,1,2,3,2,1,3,,3,3,8
Peru,PE,PER,Landslide,,1,1,2,1,2,1,2,1,,1,,,,,1,,1,2,1,1,1,,,1,,,,,4,1,,1,,,,,,,1,1,
Peru,PE,PER,Storm,,,,,,,,,,,,,,,,,,1,,,,,1,,,,,,,,,1,,,,,,,,,,
Peru,PE,PER,TOTAL,1,2,3,4,1,2,2,4,2,1,5,1,2,1,2,1,,3,2,3,2,4,5,3,4,,2,2,1,6,3,5,3,3,4,3,1,3,,5,4,8
Peru,PE,PER,Wildfire,,,,,,,,,,,,,,,,,,1,,,,,,,,,,,,,,,,,,,,,,1,,
Philippines,PH,PHL,Drought,1,,,1,,,,1,,,1,,,,,,,,1,,,,1,,,,,1,,,,,,,,1,,,,1,,
Philippines,PH,PHL,Flood,1,3,4,1,,2,1,,,2,3,3,3,3,4,6,1,1,,4,3,3,4,1,3,2,6,5,8,8,9,15,8,5,3,5,2,3,1,1,,5
Philippines,PH,PHL,Landslide,,1,,,,,,,2,3,,,,1,2,,2,,,4,1,,,1,1,,3,,1,1,1,3,1,,,,,,,,1,
Philippines,PH,PHL,Storm,6,8,9,4,4,3,6,5,6,7,5,6,4,6,11,7,2,3,4,8,6,6,6,8,8,2,10,9,11,14,3,12,9,8,9,10,8,8,8,7,6,8
Philippines,PH,PHL,TOTAL,8,12,13,6,4,5,7,6,8,12,9,9,7,10,17,13,5,4,6,16,10,9,11,10,12,4,19,15,20,23,13,30,18,13,12,16,10,11,9,9,7,13
Philippines,PH,PHL,Wildfire,,,,,,,,,,,,,,,,,,,1,,,,,,,,,,,,,,,,,,,,,,,
"Poland, Rep. of",PL,POL,Drought,,,,,,,,,,,,,,,,,,,,,,,,,,,,,,,,,,,,,,,1,,,
"Poland, Rep. of",PL,POL,Extreme temperature,,,,,,,,,,,,,,,,,,1,1,1,1,1,1,,,1,,,1,1,1,1,3,1,1,1,1,,1,,,
"Poland, Rep. of",PL,POL,Flood,1,,1,,,,,1,,,,,,,,,,1,1,,,1,,,1,1,1,,,1,2,,,,,,1,,,,1,1
"Poland, Rep. of",PL,POL,Storm,,,,1,,,,,,,1,,,,1,,,,,1,,,2,,,2,,2,1,1,,,1,1,,1,,1,,1,1,2
"Poland, Rep. of",PL,POL,TOTAL,1,,1,2,,,,1,,,1,,1,,1,,,2,2,2,1,2,3,,1,4,1,2,2,3,3,1,4,2,1,2,2,1,2,1,2,3
"Poland, Rep. of",PL,POL,Wildfire,,,,1,,,,,,,,,1,,,,,,,,,,,,,,,,,,,,,,,,,,,,,
Portugal,PT,PRT,Drought,,,,1,,,,,,,,,,,,,,1,,,,,,,1,,,,,,,,,,,,,,,,,
Portugal,PT,PRT,Extreme temperature,,,,,,,,,,,,,,,,,,,,,,,,1,,1,1,,1,,1,,,,,,,,1,,,
Portugal,PT,PRT,Flood,,1,,1,,,,,,,,,,,,,2,,,,,1,1,1,,,1,,1,,1,,,,,1,,,,,,
Portugal,PT,PRT,Storm,,,,,,,,,,1,,,,,,,,1,,,1,,,,,,,,,,1,,,2,2,,,,1,1,,
Portugal,PT,PRT,TOTAL,,1,,3,,1,1,,,1,,1,,,,,2,2,,,1,2,1,3,2,2,2,,2,,3,,,3,2,1,1,2,3,1,,
Portugal,PT,PRT,Wildfire,,,,1,,1,1,,,,,1,,,,,,,,,,1,,1,1,1,,,,,,,,1,,,1,2,1,,,
Qatar,QA,QAT,Flood,,,,,,,,,,,,,,,,,,,,,,,,,,,,,,,,,,,,,,,1,,,
Qatar,QA,QAT,TOTAL,,,,,,,,,,,,,,,,,,,,,,,,,,,,,,,,,,,,,,,1,,,
Romania,RO,ROU,Drought,,,,1,,,,,,,,,,,,,,,,,1,,,,,,,,,,,,,,,,,,,,,
Romania,RO,ROU,Extreme temperature,,,,,,,,,,,,,,1,1,,1,,2,,1,1,1,,1,2,1,2,1,1,1,,1,,1,,,,1,,,
Romania,RO,ROU,Flood,,,,,1,,,,,,,1,,,1,1,,1,1,2,2,2,3,2,2,6,6,4,1,2,1,,,1,2,1,2,,2,1,1,1
Romania,RO,ROU,Landslide,,,,,,,,,,,,,,,,,,,,1,,,,,,,,,,,,,,,,,,,,,,
Romania,RO,ROU,Storm,,,,,,,,,,,,,,1,1,,,1,,,1,,,,3,1,,,1,,,,,,,,,1,,,,
Romania,RO,ROU,TOTAL,,,,1,1,,,,,,,1,,2,3,1,1,2,3,3,5,3,4,2,6,9,7,6,3,3,2,,1,1,3,1,2,1,3,1,1,1
Russian Federation,RU,RUS,Drought,,,,,,,,,,,,,,1,,,,,1,,,,,1,,,,,,,1,,1,,,,,,,,,
Russian Federation,RU,RUS,Extreme temperature,,,,,,,,,,,,,,1,1,2,,1,1,2,3,3,1,,,1,,,,,3,,2,,,,,,,,,
Russian Federation,RU,RUS,Flood,,,,,,,,,,,,,1,2,5,,2,1,4,1,8,3,4,1,3,5,3,1,,,2,2,4,2,1,1,3,1,2,4,,3
Russian Federation,RU,RUS,Landslide,,,,,,,,,,,,,1,2,,1,1,,,,2,,1,,,1,,,,,,,,,,,,,,,,1
Russian Federation,RU,RUS,Storm,,,,,,,,,,,,,,,2,3,,,1,1,1,2,2,1,3,2,,1,,,,1,,,,,,1,,,,
Russian Federation,RU,RUS,TOTAL,,,,,,,,,,,,,3,6,8,6,4,4,8,6,19,10,11,4,7,9,3,2,,,8,3,8,2,1,2,3,2,2,5,,5
Russian Federation,RU,RUS,Wildfire,,,,,,,,,,,,,1,,,,1,2,1,2,5,2,3,1,1,,,,,,2,,1,,,1,,,,1,,1
Rwanda,RW,RWA,Drought,,,,,1,,,,,1,,,,,,,1,,,1,,,,1,,,,,,,,,,,,,,,,,,
Rwanda,RW,RWA,Flood,,,,,,,,,1,,,,,,,,,,,,,2,1,1,,,,2,1,,,1,1,,,1,1,,3,2,5,1
Rwanda,RW,RWA,Landslide,,,,,,,,,,,,,,,,,,,,,,,,,,,1,,,,2,,,,,,1,,1,,,
Rwanda,RW,RWA,Storm,,,,,,,,,,,,,,,,,,,,,,,,,,,,,,,,,,,,,,2,,,,
Rwanda,RW,RWA,TOTAL,,,,,1,,,,1,1,,,,,,,1,,,1,,2,1,2,,,1,2,1,,2,1,1,,,1,2,2,4,2,5,1
Saint Barthélemy,,BLM,Storm,,,,,,,,,,,,,,,,,,,,,,,,,,,,,,,,,,,,,,1,,,,
Saint Barthélemy,,BLM,TOTAL,,,,,,,,,,,,,,,,,,,,,,,,,,,,,,,,,,,,,,1,,,,
Saint Helena,SH,SHN,Storm,,,,,,,,,,,,,,,,,,,,,,1,,,,,,,,,,,,,,,,,,,,
Saint Helena,SH,SHN,TOTAL,,,,,,,,,,,,,,,,,,,,,,1,,,,,,,,,,,,,,,,,,,,
Saint Martin (French Part),,MAF,Storm,,,,,,,,,,,,,,,,,,,,,,,,,,,,,,,,,,,,,,1,,,,
Saint Martin (French Part),,MAF,TOTAL,,,,,,,,,,,,,,,,,,,,,,,,,,,,,,,,,,,,,,1,,,,
Samoa,WS,WSM,Drought,,,,,,,,,,,,,,,,,,,,,,,,,,,,,,,,,,,,1,,,,,,
Samoa,WS,WSM,Flood,,,,,,,,,,,,,,,,,,,,,,1,,,,,,,,,,,,,,,,,,,,
Samoa,WS,WSM,Storm,,,,1,,,,,,1,1,1,,,,,,,,,,,,,1,1,,,,,,,1,,,,,,1,,,
Samoa,WS,WSM,TOTAL,,,,2,,,,,,1,1,1,,,,,,,,,,1,,,1,1,,,,,,,1,,,1,,,1,,,
Samoa,WS,WSM,Wildfire,,,,1,,,,,,,,,,,,,,,,,,,,,,,,,,,,,,,,,,,,,,
"São Tomé and Príncipe, Dem. Rep. of",ST,STP,Drought,,,,1,,,,,,,,,,,,,,,,,,,,,,,,,,,,,,,,,,,,,,
"São Tomé and Príncipe, Dem. Rep. of",ST,STP,Flood,,,,,,,,,,,,,,,,,,,,,,,,,,,,,,,,,,,,,,,,,,1
"São Tomé and Príncipe, Dem. Rep. of",ST,STP,TOTAL,,,,1,,,,,,,,,,,,,,,,,,,,,,,,,,,,,,,,,,,,,,1
Saudi Arabia,SA,SAU,Flood,,,,,,1,,,,,,,,,,,,,,,,,1,2,1,2,,,,1,2,1,1,2,,2,2,1,,3,1,
Saudi Arabia,SA,SAU,Storm,,,1,,,,,,,,,,,,,,,,,,,,,,,,,,,,,,,,,,1,,,,,
Saudi Arabia,SA,SAU,TOTAL,,,1,,,1,,,,,,,,,,,,,,,,,1,2,1,2,,,,1,2,1,1,2,,2,3,1,,3,1,
Senegal,SN,SEN,Drought,1,,,,,,,,,,,,,,,,,,,,,,1,,,,,,,,,1,,,1,,,,1,,,
Senegal,SN,SEN,Flood,,,,1,,1,,,1,,,,,1,1,,,,1,,1,,1,1,,1,,1,1,1,2,1,1,1,,,1,,,1,1,
Senegal,SN,SEN,Storm,,,,,,,,,,,,,,,,,,,,2,,,,,1,,,,,,,,,,,,,,,,,
Senegal,SN,SEN,TOTAL,1,,,1,,1,,,1,,,,,1,1,,,,1,2,1,,2,1,1,1,,1,1,1,2,2,1,1,1,,1,,1,1,1,
Serbia and Montenegro,CS,SCG,Extreme temperature,,,,,,,,,,,,,,,,,,,,,1,,,,,1,,,,,,,,,,,,,,,,
Serbia and Montenegro,CS,SCG,Flood,,,,,,,,,,,,,1,,,,,,,2,2,,1,,,1,2,,,,,,,,,,,,,,,
Serbia and Montenegro,CS,SCG,Storm,,,,,,,,,,,,,,,,,,,,,,,,,,1,,,,,,,,,,,,,,,,
Serbia and Montenegro,CS,SCG,TOTAL,,,,,,,,,,,,,1,,,,,,,2,4,,1,,,3,2,,,,,,,,,,,,,,,
Serbia and Montenegro,CS,SCG,Wildfire,,,,,,,,,,,,,,,,,,,,,1,,,,,,,,,,,,,,,,,,,,,
"Serbia, Rep. of",RS,SRB,Extreme temperature,,,,,,,,,,,,,,,,,,,,,,,,,,,,1,,1,2,,3,,1,,,1,,,,
"Serbia, Rep. of",RS,SRB,Flood,,,,,,,,,,,,,,,,,,,,,,,,,,,,1,,1,3,,,2,4,,2,,1,1,1,1
"Serbia, Rep. of",RS,SRB,TOTAL,,,,,,,,,,,,,,,,,,,,,,,,,,,,2,,2,5,,3,2,5,,2,1,1,1,1,1
Seychelles,SC,SYC,Flood,,,,,,,,,,,,,,,,,,1,,,,,,,,,,,,,,,,,1,,,,,,,
Seychelles,SC,SYC,Storm,,,,,,,,,,,,,,,,,,,,,,,1,,,,,,,,,,,1,,,,,,,,
Seychelles,SC,SYC,TOTAL,,,,,,,,,,,,,,,,,,1,,,,,1,,,,,,,,,,,1,1,,,,,,,
Sierra Leone,SL,SLE,Flood,,,,,,,,,,,,,,,,,1,,,,,,,,1,1,,1,,1,1,1,,,,1,,,,2,,
Sierra Leone,SL,SLE,Landslide,,,,,,,,,,,,,,,,,,,,,,,,,,,,,,,1,,,,,,,1,,,,
Sierra Leone,SL,SLE,Storm,,,,,1,,,,,,,,,,,,,,,1,,,,,,,,,,,,,,,,,,,,,,
Sierra Leone,SL,SLE,TOTAL,,,,,1,,,,,,,,,,,,1,,,1,,,,,1,1,,1,,1,2,1,,1,,1,,1,,2,,
Sierra Leone,SL,SLE,Wildfire,,,,,,,,,,,,,,,,,,,,,,,,,,,,,,,,,,1,,,,,,,,
"Sint Maarten, Kingdom of the Netherlands",SX,SXM,Storm,,,,,,,,,,,,,,,,,,,,,,,,,,,,,,,,,,,,,,1,,,,
"Sint Maarten, Kingdom of the Netherlands",SX,SXM,TOTAL,,,,,,,,,,,,,,,,,,,,,,,,,,,,,,,,,,,,,,1,,,,
Slovak Rep.,SK,SVK,Extreme temperature,,,,,,,,,,,,,,,,,,,,,,,,1,,1,,1,,,1,,1,,,,,,,,,
Slovak Rep.,SK,SVK,Flood,,,,,,,,,,,,,,,,,,1,1,1,,1,1,,1,1,2,,,,2,,,1,,,,,,,1,1
Slovak Rep.,SK,SVK,Storm,,,,,,,,,,,,,,,,,,,,,,,,,1,,,,,,,,,,,,,1,,1,,
Slovak Rep.,SK,SVK,TOTAL,,,,,,,,,,,,,,,,,,1,1,1,1,1,1,1,2,2,2,1,,,3,,1,1,,,,1,,1,1,1
Slovak Rep.,SK,SVK,Wildfire,,,,,,,,,,,,,,,,,,,,,1,,,,,,,,,,,,,,,,,,,,,
"Slovenia, Rep. of",SI,SVN,Extreme temperature,,,,,,,,,,,,,,,,,,,,,,,,1,,,,,,,,,,,1,,,,,,,
"Slovenia, Rep. of",SI,SVN,Flood,,,,,,,,,,,,,,,,,,,,,,,,,,1,,,,,,,1,,1,,,,,,,1
"Slovenia, Rep. of",SI,SVN,Storm,,,,,,,,,,,,,,,,,,,,,,,,,,,,2,,,,,,,,,,,,,1,
"Slovenia, Rep. of",SI,SVN,TOTAL,,,,,,,,,,,,,,,,,,,,,,,,1,,1,,2,,,,,1,,2,,,,,,1,1
Solomon Islands,SB,SLB,Drought,,,,,,,,,,,,,,,,,,1,1,,,,,,,,,,,,,,,,,1,,,,,,
Solomon Islands,SB,SLB,Flood,,,,,,,,,,,,,,,,,,,,,,,,,,,,,,1,1,,1,1,1,,,,,,,
Solomon Islands,SB,SLB,Storm,,,1,,,1,1,,,,,,1,1,,,,,,,,,1,2,,,,,,,1,1,,,,2,,,1,,1,
Solomon Islands,SB,SLB,TOTAL,,,1,,,1,1,,,,,,1,1,,,,1,1,,,,1,2,,,,,,1,2,1,1,1,1,3,,,1,,1,
Somalia,SO,SOM,Drought,1,,,1,,,,1,1,,,,,,,,,,,1,,,,,1,1,,,1,,1,1,,,1,1,,,,1,,1
Somalia,SO,SOM,Flood,,1,,,,,,1,,2,,,,,1,1,1,2,,,3,1,1,2,1,2,5,2,1,1,2,1,2,2,1,2,1,,1,1,2,1
Somalia,SO,SOM,Storm,,,,,,,,,,,,,,,1,,,,,,,,,,,,,,,,,,,1,,2,,,1,1,1,
Somalia,SO,SOM,TOTAL,1,1,,1,,,,2,1,2,,,,,2,1,1,2,,1,3,1,1,2,2,3,5,2,2,1,3,2,2,3,2,5,1,,2,3,3,2
South Africa,ZA,ZAF,Drought,1,1,,,,,1,,1,,1,,,,,1,,,,,,,,,1,,,,,,,,,,,1,,1,,1,,1
South Africa,ZA,ZAF,Extreme temperature,,,,,,,,,,,,,,,,,1,,,,,,,,,,,1,,,,,,,,,1,,,,,
South Africa,ZA,ZAF,Flood,,1,,,,,,1,1,,,,,1,1,1,2,1,,2,3,2,1,1,1,,2,1,1,2,,1,1,,1,,2,1,,4,1,1
South Africa,ZA,ZAF,Landslide,,,,,,,,,,,,,,,,,1,,,,,,,,,,,,,,,,,,,,,,,,,
South Africa,ZA,ZAF,Storm,,,,1,2,,,,,,1,,,1,1,,,,1,2,1,2,4,1,,,,,1,2,1,2,1,1,,,,2,,1,1,2
South Africa,ZA,ZAF,TOTAL,1,2,,1,2,,1,1,2,,2,1,,2,2,2,4,1,2,5,5,6,6,2,2,,2,3,3,4,1,3,2,1,1,1,3,5,,6,2,4
South Africa,ZA,ZAF,Wildfire,,,,,,,,,,,,1,,,,,,,1,1,1,2,1,,,,,1,1,,,,,,,,,1,,,,
"South Sudan, Rep. of",SS,SSD,Drought,,,,,,,,,,,,,,,,,,,,,,,,,,,,,,1,,,,,,,1,,,,,1
"South Sudan, Rep. of",SS,SSD,Flood,,,,,,,,,,,,,,,,,,,,,,,,,,,,,3,,2,,2,2,,,1,,,2,1,1
"South Sudan, Rep. of",SS,SSD,TOTAL,,,,,,,,,,,,,,,,,,,,,,,,,,,,,3,1,2,,2,2,,,2,,,3,1,2
"South Sudan, Rep. of",SS,SSD,Wildfire,,,,,,,,,,,,,,,,,,,,,,,,,,,,,,,,,,,,,,,,1,,
Soviet Union (former),,SUN,Flood,,1,2,2,2,2,,1,1,1,3,2,,,,,,,,,,,,,,,,,,,,,,,,,,,,,,
Soviet Union (former),,SUN,Landslide,,,,,,,,1,,2,1,,,,,,,,,,,,,,,,,,,,,,,,,,,,,,,
Soviet Union (former),,SUN,Storm,,1,,1,1,,,,,,,1,,,,,,,,,,,,,,,,,,,,,,,,,,,,,,
Soviet Union (former),,SUN,TOTAL,,2,2,3,3,2,,3,1,3,4,3,,,,,,,,,,,,,,,,,,,,,,,,,,,,,,
Soviet Union (former),,SUN,Wildfire,,,,,,,,1,,,,,,,,,,,,,,,,,,,,,,,,,,,,,,,,,,
Spain,ES,ESP,Drought,1,1,,,,,,,,,1,,,,,,,,,1,,,,,,,,,,,,,,,,,,,,,,
Spain,ES,ESP,Extreme temperature,,,,,,1,,,,,,,,,,2,,,,,,,,1,1,1,1,,,,,,,,,,,,1,1,,
Spain,ES,ESP,Flood,,,2,2,,,,1,,1,,,,,1,,1,1,,,2,,1,,1,,1,3,,,1,1,1,1,,2,1,,1,4,,2
Spain,ES,ESP,Landslide,,,,,,,,,,,,,,,,,1,,,,,,,,,,,,,,,,,,,,,,,,,
Spain,ES,ESP,Storm,,,,,2,,,1,,2,2,,,,1,,,1,1,1,2,1,,,,,,1,,1,1,,,1,1,,,,1,3,1,1
Spain,ES,ESP,TOTAL,1,1,2,2,3,3,,2,,3,3,1,,,4,2,2,2,2,2,5,1,1,2,3,2,3,4,,2,2,1,2,2,1,2,1,2,4,8,1,3
Spain,ES,ESP,Wildfire,,,,,1,2,,,,,,1,,,2,,,,1,,1,,,1,1,1,1,,,1,,,1,,,,,2,1,,,
Sri Lanka,LK,LKA,Drought,1,1,1,,,,,1,1,,,,,,,,,,,,,1,,,,,,,,,,,1,,1,,1,,,1,,
Sri Lanka,LK,LKA,Flood,,1,2,1,4,,1,,,1,2,1,2,2,3,1,1,1,2,1,2,1,1,1,1,1,1,3,3,3,2,3,1,2,3,2,1,2,3,5,2,4
Sri Lanka,LK,LKA,Landslide,,,,,,,,,,,,,,1,,,,,,,,,,,,,,,,,,,,,3,,,,,,,
Sri Lanka,LK,LKA,Storm,,,,,,1,,,,,,,,,,,,,,,1,,,,,,,,1,,,1,1,1,,,,1,,,1,1
Sri Lanka,LK,LKA,TOTAL,1,2,3,1,4,1,1,1,1,1,2,1,2,3,3,1,1,1,2,1,3,2,1,1,1,1,1,3,4,3,2,4,3,3,7,2,2,3,3,6,3,5
St. Kitts and Nevis,KN,KNA,Flood,,,,,,,,1,,,,,,,,,,,,,,,,,,,,,,,,,,,,,,,,,,
St. Kitts and Nevis,KN,KNA,Storm,,,,,1,,,,,1,1,,,,,1,,,1,1,,,,,,,,,1,,,,,,,,,1,,,,
St. Kitts and Nevis,KN,KNA,TOTAL,,,,,1,,,1,,1,1,,,,,1,,,1,1,,,,,,,,,1,,,,,,,,,1,,,,
St. Lucia,LC,LCA,Drought,,,,,,,,,,,,,,,,,,,,,,,,,,,,,,,1,,,,,,,,,,,
St. Lucia,LC,LCA,Flood,,,,,,,,,,,,,,,,,,,,,,,,,,,,,,,1,,,1,,,,,,,,
St. Lucia,LC,LCA,Landslide,,,,,,,,,,,,,,,,,1,,,,,,,,,,,,,,,,,,,,,,,,,
St. Lucia,LC,LCA,Storm,1,,,1,,,1,1,1,,,,,,1,,,,,1,,,,,1,,,1,,,1,,,,,,1,,,,,1
St. Lucia,LC,LCA,TOTAL,1,,,1,,,1,1,1,,,,,,1,,1,,,1,,,,,1,,,1,,,3,,,1,,,1,,,,,1
St. Vincent and the Grenadines,VC,VCT,Drought,,,,,,,,,,,,,,,,,,,,,,,,,,,,,,,1,,,,,,,,,,,
St. Vincent and the Grenadines,VC,VCT,Flood,,,,,,,1,1,,,,,1,,,,,,,,,,,,,,,,,,,1,,1,,,1,,,,,
St. Vincent and the Grenadines,VC,VCT,Storm,1,,,,,,,1,,,,,,,,,,,,1,,,1,,1,1,,,,,1,,,,,,1,,,,,1
St. Vincent and the Grenadines,VC,VCT,TOTAL,1,,,,,,1,2,,,,,1,,,,,,,1,,,1,,1,1,,,,,2,1,,1,,,2,,,,,1
Sudan,SD,SDN,Drought,1,,,1,,,,1,,,1,1,,,,,1,,,1,,,,,,,,,,,,1,,,,1,,,,,,
Sudan,SD,SDN,Extreme temperature,,,,,,,,,,,,,,,,,,,,,,,,,,,,,,,,,,,,1,,,,,,
Sudan,SD,SDN,Flood,,,,2,,,,,1,,,,,1,1,,3,1,1,4,,1,1,1,,2,3,1,,1,2,,1,1,1,1,1,1,3,2,1,1
Sudan,SD,SDN,Storm,,,,,,,,,,,,,,,,,,,,,,,1,,,,,,,,,1,,,,,,,,,,1
Sudan,SD,SDN,TOTAL,1,,,3,,,,1,1,,1,1,,1,1,,4,1,2,5,,1,2,1,,2,3,1,,1,2,2,1,1,1,3,1,1,3,2,1,2
Sudan,SD,SDN,Wildfire,,,,,,,,,,,,,,,,,,,1,,,,,,,,,,,,,,,,,,,,,,,
Suriname,SR,SUR,Flood,,,,,,,,,,,,,,,,,,,,,,,,,,,1,,1,,,,,,,,,,,,,1
Suriname,SR,SUR,TOTAL,,,,,,,,,,,,,,,,,,,,,,,,,,,1,,1,,,,,,,,,,,,,1
Sweden,SE,SWE,Extreme temperature,,,,,,,,,,,,,,,,,,,,,,,,,,1,,,,,,,,,,,,,,,,
Sweden,SE,SWE,Flood,,,,,,1,,,,,,,,,,,,,,,,,,,,,,,,,,,,,,,,,,,,1
Sweden,SE,SWE,Storm,,,,,,,,,,,2,,,,,,,,,1,,,1,,,1,,,,,,,,1,,,,,,,1,
Sweden,SE,SWE,TOTAL,,,,,,1,,,,,2,,,,,,,,,1,,,1,,,2,,,,,,,,1,,,,,1,,1,1
Sweden,SE,SWE,Wildfire,,,,,,,,,,,,,,,,,,,,,,,,,,,,,,,,,,,,,,,1,,,
Switzerland,CH,CHE,Extreme temperature,,,,,,,,,,,,,,,,,,,,,,1,,1,,1,,,,,1,,2,,,,,,,,,
Switzerland,CH,CHE,Flood,,,,1,,,,1,,,,,,,,,,1,,1,,,,,,1,1,1,,,,,,,,,,,,,,1
Switzerland,CH,CHE,Landslide,,,,,,,,,1,,,,,,,,,,,1,1,,2,,,,,,,,,,,,,,,,,,,1
Switzerland,CH,CHE,Storm,,,1,2,1,1,2,1,,,4,,,3,1,,,,1,1,,,1,1,,,1,2,,1,1,1,,2,1,,,,1,1,1,1
Switzerland,CH,CHE,TOTAL,,,1,3,1,1,2,2,1,,4,,,3,1,,,1,1,3,1,1,3,2,,2,2,3,,1,2,1,2,2,1,,,,1,1,1,3
Syrian Arab Rep.,SY,SYR,Drought,,,,,,,,,,,,,,,,,,,,1,,,,,,,,,1,,,,,,,,,,,,,1
Syrian Arab Rep.,SY,SYR,Flood,,,,,,,,,,,,,,,,,,,,,,,,,,,1,,,,,,,,,,,,,1,,1
Syrian Arab Rep.,SY,SYR,Landslide,,,,,,,,,,,,,,,,,,,,,,,1,,,,,,,,,,,,,,,,,,,
Syrian Arab Rep.,SY,SYR,Storm,,,,,,,,,,,,,,,,,,,,,,1,,,1,,,,,,,,,,,2,,,,,,
Syrian Arab Rep.,SY,SYR,TOTAL,,,,,,,,,,,,,,,,,,,,1,,1,1,,1,,1,,1,,,,,,,2,,,,1,1,2
Syrian Arab Rep.,SY,SYR,Wildfire,,,,,,,,,,,,,,,,,,,,,,,,,,,,,,,,,,,,,,,,,1,
Taiwan Province of China,TW,TWN,Extreme temperature,,,,,,,,,,,,,,,,,,,,,,,,,,,,,,,,,,,,,1,,,,,
Taiwan Province of China,TW,TWN,Flood,,,,,1,,,,,,,,,,,,,1,1,,,,,,,1,1,,,,,,1,,,,,1,,,,
Taiwan Province of China,TW,TWN,Landslide,,,,,,,1,,,,,,,,,,,,,,,,,,,,,,,,,,,,,,,,,,,
Taiwan Province of China,TW,TWN,Storm,,1,,1,,,2,1,,1,2,1,1,,5,,2,1,2,,2,5,2,1,5,4,2,2,5,1,2,,2,3,2,3,3,1,1,1,1,2
Taiwan Province of China,TW,TWN,TOTAL,,1,,1,1,,3,1,,1,2,1,1,,5,,2,2,3,,2,5,2,1,5,5,3,2,5,1,2,,3,3,2,3,4,2,1,1,1,2
"Tajikistan, Rep. of",TJ,TJK,Drought,,,,,,,,,,,,,,,,,,,,,1,,,,,,,,1,,,,,,,,,,,,,
"Tajikistan, Rep. of",TJ,TJK,Extreme temperature,,,,,,,,,,,,,,,,,,,,,,,,,,,,,1,,,,1,1,,,,,,,,
"Tajikistan, Rep. of",TJ,TJK,Flood,,,,,,,,,,,1,,1,,1,,1,,2,1,,1,4,1,1,2,,2,,1,2,1,1,,2,2,1,1,1,1,1,1
"Tajikistan, Rep. of",TJ,TJK,Landslide,,,,,,,,,,,,,1,1,,,,1,1,,,1,,2,,1,2,1,,,,,,,,1,,1,,,,1
"Tajikistan, Rep. of",TJ,TJK,Storm,,,,,,,,,,,,,,,,,,,,1,,1,,,,,,,,,,,,,,,,,,,,
"Tajikistan, Rep. of",TJ,TJK,TOTAL,,,,,,,,,,,1,,2,1,1,,1,1,3,2,1,3,4,3,1,3,2,3,2,1,2,1,2,1,2,3,1,2,1,1,1,2
"Tanzania, United Rep. of",TZ,TZA,Drought,,,,,1,,,,1,,1,,,,,,1,,,,,,,1,1,,1,,,,,1,,,,,,,,,,
"Tanzania, United Rep. of",TZ,TZA,Flood,,,1,,,,1,,1,1,2,,,2,1,2,,2,2,,1,1,1,1,,1,2,,2,2,,3,1,,2,1,3,1,1,4,4,1
"Tanzania, United Rep. of",TZ,TZA,Landslide,,,,,,,,,,,,,,,,,,,,,,1,,,,,,,,,,,,,,,,,,,,
"Tanzania, United Rep. of",TZ,TZA,Storm,,,,,,,,,,,,,,,1,,,,,,,,,,,,,,2,1,,,,,,1,,,,1,,1
"Tanzania, United Rep. of",TZ,TZA,TOTAL,,,1,,1,,1,,2,1,3,,,2,2,2,1,3,2,,1,2,1,2,1,1,3,,4,3,,4,1,,2,2,3,1,1,5,4,2
"Tanzania, United Rep. of",TZ,TZA,Wildfire,,,,,,,,,,,,,,,,,,1,,,,,,,,,,,,,,,,,,,,,,,,
Thailand,TH,THA,Drought,,,,,,,,,,,,1,,1,,,,,,1,,,1,,,1,,,1,,1,1,1,,1,1,,,,1,,
Thailand,TH,THA,Extreme temperature,,,,,,,,,,,,,,,,,,,,,,,,,,,,,,,,,,,1,,1,,,,,
Thailand,TH,THA,Flood,1,,,1,2,1,1,1,1,,,2,,3,3,1,1,1,,6,4,6,2,3,3,2,3,5,3,1,1,2,1,3,4,,3,4,,1,3,5
Thailand,TH,THA,Landslide,,,,,,,,,,,,,,,1,,,,,,,,1,,1,,,,,,,,,,,,,,,,,
Thailand,TH,THA,Storm,,2,,,,,,,,1,1,1,4,2,3,1,1,2,,,1,1,2,1,2,2,,,2,,,1,,,1,1,,2,,1,4,1
Thailand,TH,THA,TOTAL,1,2,,1,2,1,1,1,1,1,1,4,4,6,7,2,2,3,,7,5,7,6,4,6,6,3,5,6,1,2,4,2,3,7,2,4,6,,3,7,6
Thailand,TH,THA,Wildfire,,,,,,,,,,,,,,,,,,,,,,,,,,1,,,,,,,,,,,,,,,,
"Timor-Leste, Dem. Rep. of",TL,TLS,Drought,,,,,,,,,,,,,,,,,,,,,,,,,,,,1,,,,,,,,,1,,,,,
"Timor-Leste, Dem. Rep. of",TL,TLS,Flood,,,,,,,,,,,,,,,,,,,,,,1,,2,,,,2,,,,,,,,,,,,,1,
"Timor-Leste, Dem. Rep. of",TL,TLS,Storm,,,,,,,,,,,,,,,,,,,,,,,,,,,1,,,,,,,,,,,,,,,1
"Timor-Leste, Dem. Rep. of",TL,TLS,TOTAL,,,,,,,,,,,,,,,,,,,,,,1,,2,,,1,3,,,,,,,,,1,,,,1,1
Togo,TG,TGO,Drought,1,,,,,,,,,1,,,,,,,,,,,,,,,,,,,,,,,,,,,,,,,,
Togo,TG,TGO,Flood,,,,,,,,,,,,,,,1,2,,,1,1,,,,,,,1,1,1,1,2,,,,,,,1,,,1,
Togo,TG,TGO,TOTAL,1,,,,,,,,,1,,,,,1,2,,,1,1,,,,,,,1,1,1,1,2,,,,,,,1,,,1,
Tokelau,TK,TKL,Storm,,,,,,,,1,,,1,,,,,,,,,,,,,,,1,,,,,,,,,,,,,,,,
Tokelau,TK,TKL,TOTAL,,,,,,,,1,,,1,,,,,,,,,,,,,,,1,,,,,,,,,,,,,,,,
Tonga,TO,TON,Drought,,,,,,,,,,,,,,,,,,,,,,,,,,,,,,,,,,,,1,,,,,,
Tonga,TO,TON,Storm,,,2,,,,,,,,1,,,,,,,1,2,,,1,,,1,,,,,,,1,,,1,,3,,1,,1,
Tonga,TO,TON,TOTAL,,,2,,,,,,,,1,,,,,,,1,2,,,1,,,1,,,,,,,1,,,1,1,3,,1,,1,
Trinidad and Tobago,TT,TTO,Drought,,,,,,,,,,,,,,,,,,,,,,,,,,,,,,,1,,,,,,,,,,,
Trinidad and Tobago,TT,TTO,Flood,,,,,,,,,,,,,,1,,,1,,,,,,,,,,,,,,,,,,,,,,1,,,
Trinidad and Tobago,TT,TTO,Landslide,,,,,,,,,,,,,,,,,,,,,,,,,1,,,,,,,,,,,,,,,,,
Trinidad and Tobago,TT,TTO,Storm,,,,,,,,,,,1,,,1,,,,,,,,,,,1,1,,,,,,,,,,,,,,,,
Trinidad and Tobago,TT,TTO,TOTAL,,,,,,,,,,,1,,,2,,,1,,,,,,,,2,1,,,,,1,,,,,,,,1,,,
Tunisia,TN,TUN,Drought,,,,,,,,,1,,,,,,,,,,,,,,,,,,,,,,,,,,,,,,,,,
Tunisia,TN,TUN,Flood,,,1,,,,1,,,,1,,,,,,,,,,,,,2,,,,2,,1,,,,,,,,,2,,1,1
Tunisia,TN,TUN,TOTAL,,,1,,,,1,,1,,1,,,,,,,,,,,,,2,,,,2,,1,,,,,,,,1,2,,1,2
Tunisia,TN,TUN,Wildfire,,,,,,,,,,,,,,,,,,,,,,,,,,,,,,,,,,,,,,1,,,,1
Turkey,TR,TUR,Extreme temperature,,,,,,,,1,,,,,,,1,,,,,,1,1,,,1,1,,1,,,,,,,,,,,,,,
Turkey,TR,TUR,Flood,1,1,,,1,,,,1,,2,1,,,,2,,,3,,1,3,1,1,3,2,2,3,,2,,1,1,,,2,,,,3,3,2
Turkey,TR,TUR,Landslide,1,,,,,,,,1,,,,,1,,1,,,,,,1,,,,1,,,,2,1,,,1,,,,,1,,1,
Turkey,TR,TUR,Storm,,,,,,,,,,,,1,,,1,,,,,,,,1,,3,1,,,,,,,,,,,,1,,,1,
Turkey,TR,TUR,TOTAL,2,1,,,1,1,,1,2,,2,2,,1,2,3,1,,3,,4,5,2,1,7,5,2,4,1,4,1,1,1,1,,2,,1,1,3,5,3
Turkey,TR,TUR,Wildfire,,,,,,1,,,,,,,,,,,1,,,,2,,,,,,,,1,,,,,,,,,,,,,1
Turkmenistan,TM,TKM,Flood,,,,,,,,,,,,,,1,,,,,,,,,,,,,,,,,,,,,,,,,,,,
Turkmenistan,TM,TKM,TOTAL,,,,,,,,,,,,,,1,,,,,,,,,,,,,,,,,,,,,,,,,,,,
Turks and Caicos Islands,TC,TCA,Storm,,,,,,1,,,,,1,,,,,,,,,,,,,,1,,,,3,,,,,,,,,1,,,,
Turks and Caicos Islands,TC,TCA,TOTAL,,,,,,1,,,,,1,,,,,,,,,,,,,,1,,,,3,,,,,,,,,1,,,,
Tuvalu,TV,TUV,Drought,,,,,,,,,,,,,,,,,,,,,,,,,,,,,,,,1,,,,,,,,,,1
Tuvalu,TV,TUV,Storm,,,,,1,,,1,,,1,,,1,,,,,,,,,,,,,,,,,,,,,,1,,,,,1,
Tuvalu,TV,TUV,TOTAL,,,,,1,,,1,,,1,,,1,,,,,,,,,,,,,,,,,,1,,,,1,,,,,1,1
Uganda,UG,UGA,Drought,,,,,,,,1,,,,,,,,,,,1,1,,,1,,,1,,,1,,1,,,,,,,,,,,
Uganda,UG,UGA,Flood,,,,,,,,,,,,,,,,,,1,1,,,2,2,2,2,,2,2,1,,,1,1,1,,,1,1,,5,5,3
Uganda,UG,UGA,Landslide,,,,,,,,,,,,,,,,,,1,,,,1,,,,,,,,,1,,1,,,,1,,1,3,,
Uganda,UG,UGA,Storm,,,,,,,,,,,,,,,,,,,,,2,,1,,,,,,,,,1,,,,,,,,,1,
Uganda,UG,UGA,TOTAL,,,,,,,,1,,,,,,,,,,2,2,1,2,3,4,2,2,1,2,2,2,,2,2,2,1,,,2,1,1,8,6,3
Ukraine,UA,UKR,Drought,,,,,,,,,,,,,,,,,,,,,,,,,,,,,,,,,1,,,,,,,,,
Ukraine,UA,UKR,Extreme temperature,,,,,,,,,,,,,,,,,,,,,1,,,,,1,,,1,1,,,2,,,,1,1,,,,
Ukraine,UA,UKR,Flood,,,,,,,,,,,,,,2,,1,1,1,1,,,1,,1,,1,2,,1,,1,,,1,,,1,,,,1,
Ukraine,UA,UKR,Storm,,,,,,,,,,,,,1,,,,,1,,,3,,,,,,,2,,,,,,,,,,,1,,,1
Ukraine,UA,UKR,TOTAL,,,,,,,,,,,,,1,2,,1,1,2,1,,4,1,,1,,2,2,2,2,1,1,,3,1,,,2,1,1,,3,1
Ukraine,UA,UKR,Wildfire,,,,,,,,,,,,,,,,,,,,,,,,,,,,,,,,,,,,,,,,,2,
United Arab Emirates,AE,ARE,Flood,,,,,,,,,,,,,,,,,,,,,,,,,,,,,,,,,,,,,,1,,,,
United Arab Emirates,AE,ARE,TOTAL,,,,,,,,,,,,,,,,,,,,,,,,,,,,,,,,,,,,,,1,,,,
United Kingdom,GB,GBR,Extreme temperature,,,,,,,,,,,,1,,,,,,1,,,,,,1,,2,,,,1,1,,,1,,,,,1,2,1,
United Kingdom,GB,GBR,Flood,,,,,,,,,,,,,,2,2,,,2,1,1,3,2,3,,1,,,3,2,1,,,5,1,1,1,,1,,1,1,
United Kingdom,GB,GBR,Storm,,1,,1,1,,1,1,,1,7,1,,,,1,1,,3,2,3,,2,,,2,,1,1,1,1,,,3,1,1,,,1,,1,1
United Kingdom,GB,GBR,TOTAL,,1,,1,1,,1,1,,1,7,2,,2,2,1,1,3,4,3,6,2,5,1,1,4,,4,3,3,2,,5,5,2,2,,1,2,3,3,1
United States,US,USA,Drought,,,,,,,,,1,,,2,,,,,,,,1,2,,1,,,,,1,,,,1,2,,1,1,,1,1,,1,1
United States,US,USA,Extreme temperature,1,,,1,,,1,1,,1,2,,,1,,2,,,1,1,1,1,1,,1,1,2,,1,1,,1,1,1,1,,,,,,,1
United States,US,USA,Flood,3,1,2,2,3,5,3,,3,,4,14,,6,1,6,4,8,7,1,8,5,4,4,4,6,11,6,4,4,3,4,1,7,2,5,6,3,3,4,2,12
United States,US,USA,Landslide,,,,,,,,,,,,,,,1,,,,,,,,,1,,,,,,,,,,,1,,,,1,,,
United States,US,USA,Storm,3,3,11,6,11,10,2,8,18,16,15,17,27,20,9,10,9,23,20,16,12,17,15,14,12,8,12,13,14,10,12,14,19,15,13,19,16,17,11,14,19,23
United States,US,USA,TOTAL,7,4,13,9,14,15,6,9,22,17,21,35,29,28,14,18,15,33,32,22,30,26,29,22,20,16,28,23,21,17,15,23,25,28,19,29,26,24,19,20,23,43
United States,US,USA,Wildfire,,,,,,,,,,,,2,2,1,3,,2,2,4,3,7,3,8,3,3,1,3,3,2,2,,3,2,5,1,4,4,3,3,2,1,6
United States Virgin Islands,VI,VIR,Storm,,,,,,,,,,1,,,,,,2,,,1,1,,,,,1,,,,,,,,,,,,,2,,,,
United States Virgin Islands,VI,VIR,TOTAL,,,,,,,,,,1,,,,,,2,,,1,1,,,,,1,,,,,,,,,,,,,2,,,,
Uruguay,UY,URY,Drought,,,,,,,,,,,,,,,,,,,,1,,,,,,,,,,,,,,,,,,,1,,,
Uruguay,UY,URY,Extreme temperature,,,,,,,,,,,,,,,,,,,,,1,,,,1,,,1,,,1,,,,,,,,,,,
Uruguay,UY,URY,Flood,,,,,,,1,,,,,1,1,,,,,,1,,1,1,1,1,,,,2,,1,,,,,,3,1,1,,3,1,
Uruguay,UY,URY,Storm,,,,,,,,,,,,,,1,,,,1,,1,1,,1,,,1,,,,,,,,,,,,,,,1,
Uruguay,UY,URY,TOTAL,,,,,,,1,,,,,1,1,1,,,,1,1,2,3,1,2,1,1,1,,3,,1,1,,,,,3,1,1,1,3,2,
"Uzbekistan, Rep. of",UZ,UZB,Drought,,,,,,,,,,,,,,,,,,,,,1,,,,,,,,,,,,,,,,,,,,,
"Uzbekistan, Rep. of",UZ,UZB,Flood,,,,,,,,,,,,,,,,,,,,,,,,,,1,,,,,,,,,,,,,,,1,
"Uzbekistan, Rep. of",UZ,UZB,Landslide,,,,,,,,,,,,,,,,,,,,1,,,,,,,,,,,,,,,,,,,,,,1
"Uzbekistan, Rep. of",UZ,UZB,TOTAL,,,,,,,,,,,,,,,,,,,,1,1,,,,,1,,,,,,,,,,,,,,,1,1
Vanuatu,VU,VUT,Flood,,,,,,,,,,,,,,,,,,,,,,,1,,,,,,,1,,,,,,,,,,,,
Vanuatu,VU,VUT,Landslide,,,,,,,,,1,,,,,,,,,,,,,,,,,,,,,,,,,,,,,,,,,
Vanuatu,VU,VUT,Storm,,2,,,,1,,1,2,,,,2,1,,,,,1,1,,2,,,1,,,,,,,2,,,1,1,,1,,,1,
Vanuatu,VU,VUT,TOTAL,,2,,,,1,,1,3,,,,2,1,,,,,1,1,,2,1,,1,,,,,1,,2,,,1,1,,1,,,1,
"Venezuela, Rep. Bolivariana de",VE,VEN,Drought,,,,,,,,,,,,,,,,,,,,,,,,,,,,,,1,,,,,,,,,,,,
"Venezuela, Rep. Bolivariana de",VE,VEN,Flood,,,,,,1,,1,2,,,,,,1,,2,1,,3,2,,1,2,1,4,1,,1,,1,3,1,,,1,1,,2,1,1,2
"Venezuela, Rep. Bolivariana de",VE,VEN,Landslide,,1,,,,,,1,,,,,,,1,,,,,,,,,,,,,,,,,,,,,,,,,,,
"Venezuela, Rep. Bolivariana de",VE,VEN,Storm,,,,,,,,,1,,,,,1,,,,,,,,,,,1,,,,,,1,,,,,,,,,,,
"Venezuela, Rep. Bolivariana de",VE,VEN,TOTAL,,1,,,,1,,2,3,,,,,1,2,,2,1,,3,2,,1,2,2,4,1,,1,1,2,3,1,,,1,1,,2,1,1,2
Vietnam,VN,VNM,Drought,,,,,,,,1,,,,,,,,,,1,,1,,,1,,,1,,,,,,,,,,1,,,,1,,
Vietnam,VN,VNM,Flood,1,,,,1,1,1,,,,1,3,2,1,1,1,2,,1,3,2,4,3,3,3,5,5,5,5,2,4,3,1,6,,2,4,5,3,5,1,3
Vietnam,VN,VNM,Landslide,,,,,,,,,,,,,1,,1,,,,,,2,,,,1,,,,,1,,,,,,,,,,,,
Vietnam,VN,VNM,Storm,2,,1,3,2,1,1,2,2,3,3,4,2,3,1,1,4,3,3,1,7,3,1,1,2,4,6,1,5,3,3,2,3,4,3,2,4,4,4,2,10,5
Vietnam,VN,VNM,TOTAL,3,,1,3,3,2,2,3,2,3,4,7,5,4,3,2,6,4,4,5,11,7,6,4,6,10,11,6,10,6,7,5,4,10,3,5,8,9,7,8,11,8
Vietnam,VN,VNM,Wildfire,,,,,,,,,,,,,,,,,,,,,,,1,,,,,,,,,,,,,,,,,,,
Wallis and Futuna Islands,WF,WLF,Storm,,,,,,,1,,,,,,,,,,,,,,,,,,,,,,,,,,1,,,,,,,,,
Wallis and Futuna Islands,WF,WLF,TOTAL,,,,,,,1,,,,,,,,,,,,,,,,,,,,,,,,,,1,,,,,,,,,
West Bank and Gaza,PS,PSE,Extreme temperature,,,,,,,,,,,,,,,,,,,,,,,,,,,,,,,,,,,,,,,,,1,
West Bank and Gaza,PS,PSE,Flood,,,,,,,,,,,,,,,,,,,,,,,,,,,,,1,,1,,1,1,,,,,,,,
West Bank and Gaza,PS,PSE,Storm,,,,,,,,,,,,,,,,,,,,,,,,,,,,,,,,,,1,,2,,,,,,
West Bank and Gaza,PS,PSE,TOTAL,,,,,,,,,,,,,,,,,,,,,,,,,,,,,1,,1,,1,2,,2,,,,,1,
"Yemen, Rep. of",YE,YEM,Flood,,,,,,,,,,,,1,,1,,,2,,2,1,,1,4,1,,2,2,3,1,,2,,,1,,,1,1,,3,5,2
"Yemen, Rep. of",YE,YEM,Landslide,,,,,,,,,,,,,,,,,,,,,,,,,,1,,,,1,,,,,,,1,,,,,
"Yemen, Rep. of",YE,YEM,Storm,,,,,,,,,,,,,,,,,,,,,,2,,,,,,,,,,,,,,2,,,2,,,
"Yemen, Rep. of",YE,YEM,TOTAL,,,,,,,,,,,,1,,1,,,2,,2,1,,3,4,1,,3,2,3,1,1,2,,,1,,2,2,1,2,3,5,2
Zambia,ZM,ZMB,Drought,,1,,1,,,,,,,1,,,,,1,,,,,,,,,,1,,,,,,,,,,,,,,1,,1
Zambia,ZM,ZMB,Flood,,,,,,,,,,1,,,,,,,,,1,,1,1,,2,1,1,,3,1,1,1,1,,1,1,,,,,1,3,
Zambia,ZM,ZMB,Landslide,,,,,,,,,,,,,,,,,,,,,,,,,,,,,,,1,,,,,,,,,,,
Zambia,ZM,ZMB,TOTAL,,1,,1,,,,,,1,1,,,,,1,,,1,,1,1,,2,1,2,,3,1,1,2,1,,1,1,,,,,2,3,1
Zimbabwe,ZW,ZWE,Drought,,1,,,,,,,,,1,,,,,,,,1,,,1,,,,,,1,,,1,,,1,,,,1,,,,1
Zimbabwe,ZW,ZWE,Flood,,,,,,,,,,,,,,,,,,,1,,1,1,,1,,,,2,,,1,1,,1,2,,,,,1,,
Zimbabwe,ZW,ZWE,Storm,,,,,,,,,,,,,,,,,,,,,,,,1,,,,1,,,,,,,,1,1,1,,1,,1
Zimbabwe,ZW,ZWE,TOTAL,,1,,,,,,,,,1,,,,,,,,2,,1,2,,2,,,,4,,,2,1,,2,2,1,1,2,,2,,2
